サービス名,運営会社,施設名,都道府県,住所,最寄駅,設置場所詳細,営業時間,ブース数,料金（税込）,情報ソース,詳細URL
いいオフィス,,宮の森 by be co-working,北海道,,,個室ブース,,,,いいオフィス公式サイト,https://e-office.space/spaces/hokkaido/hokkaido/sapporoshi/miyanomori-by-be
いいオフィス,,札幌 by Sapporo Nest,北海道,,,完全個室ブース,,,,いいオフィス公式サイト,https://e-office.space/spaces/hokkaido/hokkaido/sapporoshi/sapporo-by-nest
いいオフィス,,PaO Work 札幌駅 野村不動産札幌ビル,北海道,,,完全個室ブース,,,,いいオフィス公式サイト,https://e-office.space/spaces/hokkaido/hokkaido/sapporoshi/paoworksapporoekinomurafudosansapporo-by-pao
いいオフィス,,PaO Work 大通駅 札幌ノースプラザ,北海道,,,完全個室ブース,,,,いいオフィス公式サイト,https://e-office.space/spaces/hokkaido/hokkaido/sapporoshi/paoworkodoriekisapporonorthplaza-by-pao
いいオフィス,,中標津 by MILK,北海道,,,個室ブース,,,,いいオフィス公式サイト,https://e-office.space/spaces/hokkaido/hokkaido/shibetsugun/nakashibetsu-by-milk
いいオフィス,,旭川 by Attic Cafe,北海道,,,個室ブース,,,,いいオフィス公式サイト,https://e-office.space/spaces/hokkaido/hokkaido/asahikawashi/asahikawa-by-attic-cafe
いいオフィス,,旭川 by Worcu-pet,北海道,,,完全個室ブース,,,,いいオフィス公式サイト,https://e-office.space/spaces/hokkaido/hokkaido/asahikawashi/asahikawa-by-worcu-pet
いいオフィス,,千歳 by 千歳アルカディア・プラザ,北海道,,,完全個室ブース,,,,いいオフィス公式サイト,https://e-office.space/spaces/hokkaido/hokkaido/chitoseshi/chitose-by-plaza
いいオフィス,,札内 by N SPACE,北海道,,,完全個室ブース,,,,いいオフィス公式サイト,https://e-office.space/spaces/hokkaido/hokkaido/nakagawagun/satsunai-by-nspace
いいオフィス,,岩見沢 by エヌコロン,北海道,,,完全個室ブース,,,,いいオフィス公式サイト,https://e-office.space/spaces/hokkaido/hokkaido/iwamisawashi/iwamisawa-by-n-colon
いいオフィス,,武蔵小山東口店 by FEEEP,北海道,,,個室ブース,,,,いいオフィス公式サイト,https://e-office.space/spaces/hokkaido/hokkaido/shinagawaku/musashikoyama-by-feeep
いいオフィス,,北海道八雲 by ぺコレラ学舎,北海道,,,完全個室ブース,,,,いいオフィス公式サイト,https://e-office.space/spaces/hokkaido/hokkaido/futamigun/yakumo-by-pekolela
いいオフィス,,三戸 by SANNOHE,青森県,,,個室ブース,,,,いいオフィス公式サイト,https://e-office.space/spaces/tohoku/aomori/sannohegun/sannohe-by-sannohe
いいオフィス,,釜石 by co-ba kamaishi marudai,岩手県,,,個室ブース,,,,いいオフィス公式サイト,https://e-office.space/spaces/tohoku/iwate/kamaishishi/kamaishi-by-co-ba
いいオフィス,,仙台苦竹 by STUDIO080,宮城県,,,完全個室ブース,,,,いいオフィス公式サイト,https://e-office.space/spaces/tohoku/miyagi/sendaishi/nigatake-by-studio080
いいオフィス,,仙台 by Neo Breakthrough,宮城県,,,完全個室ブース,,,,いいオフィス公式サイト,https://e-office.space/spaces/tohoku/miyagi/sendaishi/sendai-by-neobreakthrough
いいオフィス,,YOYO仙台駅西口 by PaO,宮城県,,,完全個室ブース,,,,いいオフィス公式サイト,https://e-office.space/spaces/tohoku/miyagi/sendaishi/yoyosendai-by-pao
いいオフィス,,momo仙台駅東口,宮城県,,,完全個室ブース,,,,いいオフィス公式サイト,https://e-office.space/spaces/tohoku/miyagi/sendaishi/momosendaiekihigashiguchi-by-pao
いいオフィス,,NOB仙台駅西口,宮城県,,,完全個室ブース,,,,いいオフィス公式サイト,https://e-office.space/spaces/tohoku/miyagi/sendaishi/nobsendaiekinishiguchi-by-pao
いいオフィス,,仙台広瀬通 by COMPASS,宮城県,,,完全個室ブース,,,,いいオフィス公式サイト,https://e-office.space/spaces/tohoku/miyagi/sendaishi/hirosedori-by-compass
いいオフィス,,仙台 by cocolin,宮城県,,,個室ブース,,,,いいオフィス公式サイト,https://e-office.space/spaces/tohoku/miyagi/sendaishi/sendai-by-cocolin
いいオフィス,,登米 by SOU,宮城県,,,個室ブース,,,,いいオフィス公式サイト,https://e-office.space/spaces/tohoku/miyagi/tome/tome-by-sou
いいオフィス,,柴田 by カフェ＆コワーキングKitai,宮城県,,,個室ブース,,,,いいオフィス公式サイト,https://e-office.space/spaces/tohoku/miyagi/shibatagun/shibata-by-kitai
いいオフィス,,秋田大仙 by コミュニティスペース GATHER,秋田県,,,完全個室ブース,,,,いいオフィス公式サイト,https://e-office.space/spaces/tohoku/akita/daisenshi/daisen-by-gather
いいオフィス,,横手 by かま蔵,秋田県,,,個室ブース,,,,いいオフィス公式サイト,https://e-office.space/spaces/tohoku/akita/yokoteshi/yokote-by-kamakura
いいオフィス,,米沢 by COGO Works,山形県,,,個室ブース,,,,いいオフィス公式サイト,https://e-office.space/spaces/tohoku/yamagata/yonezawashi/yonezawas-by-cogoworks
いいオフィス,,長井 by +２ in タスパークホテル,山形県,,,完全個室ブース,,,,いいオフィス公式サイト,https://e-office.space/spaces/tohoku/yamagata/nagaishi/nagai-by-plus2
いいオフィス,,南相馬 by aosubashi,福島県,,,完全個室ブース,,,,いいオフィス公式サイト,https://e-office.space/spaces/tohoku/fukushima/minamisomashi/minamisoma-by-aosubashi
いいオフィス,,会津七日町通り by コボウシ,福島県,,,個室ブース,,,,いいオフィス公式サイト,https://e-office.space/spaces/tohoku/fukushima/aizuwakamatsushi/aizu-by-koboushi
いいオフィス,,南相馬 by 小高パイオニアヴィレッジ,福島県,,,個室ブース,,,,いいオフィス公式サイト,https://e-office.space/spaces/tohoku/fukushima/somashi/minamisoma-by-poineervillage
いいオフィス,,つくば by rooms,茨城県,,,完全個室ブース,,,,いいオフィス公式サイト,https://e-office.space/spaces/kanto/ibaraki/tsukubashi/tsukuba-by-rooms
いいオフィス,,つくば by Studies,茨城県,,,完全個室ブース,,,,いいオフィス公式サイト,https://e-office.space/spaces/kanto/ibaraki/tsukubashi/tsukuba-by-studies
いいオフィス,,阿字ヶ浦 by イバフォルニア・ベース,茨城県,,,完全個室ブース,,,,いいオフィス公式サイト,https://e-office.space/spaces/kanto/ibaraki/hitachinakashi/ajigaura-by-ibafornia-base
いいオフィス,,高崎問屋町 by iPPO,群馬県,,,完全個室ブース,,,,いいオフィス公式サイト,https://e-office.space/spaces/kanto/gunma/takasakishi/takasakitonyamachi-by-ippo
いいオフィス,,前橋 by 首都圏NSプラザ,群馬県,,,完全個室ブース,,,,いいオフィス公式サイト,https://e-office.space/spaces/kanto/gunma/maebashishi/maebashi-by-syutoken-nsplaza
いいオフィス,,那須塩原 by EN-KAKU,栃木県,,,完全個室ブース,,,,いいオフィス公式サイト,https://e-office.space/spaces/kanto/tochigi/nasukogen/nasukogen-by-en-kaku
いいオフィス,,いいオフィス浦和,埼玉県,,,完全個室ブース,,,,いいオフィス公式サイト,https://e-office.space/spaces/kanto/saitama/saitamashi/urawa-by-iio
いいオフィス,,与野 by 窯茶業,埼玉県,,,個室ブース,,,,いいオフィス公式サイト,https://e-office.space/spaces/kanto/saitama/saitamashi/yono-by-kamachagou
いいオフィス,,大宮 by リブポート大宮,埼玉県,,,完全個室ブース,,,,いいオフィス公式サイト,https://e-office.space/spaces/kanto/saitama/saitamashi/omiya-by-libport
いいオフィス,,大宮 by VORT SPACE 大宮,埼玉県,,,完全個室ブース,,,,いいオフィス公式サイト,https://e-office.space/spaces/kanto/saitama/saitamashi/omiya-by-relark
いいオフィス,,大宮 by ワイムビジネスプラザ大宮,埼玉県,,,完全個室ブース,,,,いいオフィス公式サイト,https://e-office.space/spaces/kanto/saitama/saitamashi/omiya-by-waim
いいオフィス,,PaO Work 大宮 by PaO,埼玉県,,,完全個室ブース,,,,いいオフィス公式サイト,https://e-office.space/spaces/kanto/saitama/saitamashi/paoworkomiya-by-pao
いいオフィス,,TKP大宮駅西口 by CHATBOX,埼玉県,,,完全個室ブース,,,,いいオフィス公式サイト,https://e-office.space/spaces/kanto/saitama/saitamashi/tkp-omiyaekinishiguchi-by-remoteworkbox
いいオフィス,,大宮MTビル by CHATBOX,埼玉県,,,完全個室ブース,,,,いいオフィス公式サイト,https://e-office.space/spaces/kanto/saitama/saitamashi/omiya-mtbuild-by-remoteworkbox
いいオフィス,,熊谷 by しろくまコワーキング,埼玉県,,,完全個室ブース,,,,いいオフィス公式サイト,https://e-office.space/spaces/kanto/saitama/kumagayashi/kumagaya-by-shirokuma
いいオフィス,,NITTOH MALL by CHATBOX,埼玉県,,,完全個室ブース,,,,いいオフィス公式サイト,https://e-office.space/spaces/kanto/saitama/kumagayashi/nittohmall-by-remoteworkbox
いいオフィス,,上福岡 by 停車場,埼玉県,,,完全個室ブース,,,,いいオフィス公式サイト,https://e-office.space/spaces/kanto/saitama/fujiminoshi/kamifukuoka-by-teishajo
いいオフィス,,上尾 by TOKYO NORTH GATE,埼玉県,,,完全個室ブース,,,,いいオフィス公式サイト,https://e-office.space/spaces/kanto/saitama/ageoshi/ageo-by-tokyonorthgate
いいオフィス,,志木 by セカンドプレイス志木,埼玉県,,,完全個室ブース,,,,いいオフィス公式サイト,https://e-office.space/spaces/kanto/saitama/niizashi/shiki-by-2ndplace
いいオフィス,,いいオフィス柏,千葉県,,,完全個室ブース,,,,いいオフィス公式サイト,https://e-office.space/spaces/kanto/chiba/kashiwashi/kashiwa-by-iio
いいオフィス,,茂原 by コミュニティスペース SAKURAGI,千葉県,,,完全個室ブース,,,,いいオフィス公式サイト,https://e-office.space/spaces/kanto/chiba/mobarashi/mobara-by-sakuragi
いいオフィス,,千葉EXビル by CHATBOX,千葉県,,,完全個室ブース,,,,いいオフィス公式サイト,https://e-office.space/spaces/kanto/chiba/chibashi/chiba-ex-by-remoteworkbox
いいオフィス,,いいオフィス西船橋,千葉県,,,完全個室ブース,,,,いいオフィス公式サイト,https://e-office.space/spaces/kanto/chiba/funabashishi/nishifunabashi-by-iio
いいオフィス,,津田沼 by MACHI DESK,千葉県,,,完全個室ブース,,,,いいオフィス公式サイト,https://e-office.space/spaces/kanto/chiba/funabashishi/tsudanuma-by-machidesk
いいオフィス,,いいオフィス船橋,千葉県,,,個室ブース,,,,いいオフィス公式サイト,https://e-office.space/spaces/kanto/chiba/funabashishi/funabashi-by-iio
いいオフィス,,成田 by WorkWork,千葉県,,,完全個室ブース,,,,いいオフィス公式サイト,https://e-office.space/spaces/kanto/chiba/naritashi/narita-by-workwork
いいオフィス,,成田 by GAKUYA,千葉県,,,個室ブース,,,,いいオフィス公式サイト,https://e-office.space/spaces/kanto/chiba/naritashi/narita-by-gakuya
いいオフィス,,松戸 by リブポート松戸,千葉県,,,完全個室ブース,,,,いいオフィス公式サイト,https://e-office.space/spaces/kanto/chiba/matsudoshi/matsudo-by-libport
いいオフィス,,新松戸 by CoworkingSpaceFlat Cafe&Bar,千葉県,,,完全個室ブース,,,,いいオフィス公式サイト,https://e-office.space/spaces/kanto/chiba/matsudoshi/shinmatsudo-by-flat
いいオフィス,,いいオフィス八千代緑が丘,千葉県,,,完全個室ブース,,,,いいオフィス公式サイト,https://e-office.space/spaces/kanto/chiba/yachiyoshi/yachiyomidorigaoka-by-iio
いいオフィス,,津田沼 by  i-Office TSUDANUMA,千葉県,,,完全個室ブース,,,,いいオフィス公式サイト,https://e-office.space/spaces/kanto/chiba/narashinoshi/tsudanuma-by-ioffice
いいオフィス,,立川 by HAKADORU立川北口店,東京都,,,完全個室ブース,,,,いいオフィス公式サイト,https://e-office.space/spaces/kanto/tokyo/tachikawashi/tachikawa-by-hakadoru
いいオフィス,,立川店 by FEEEP,東京都,,,完全個室ブース,,,,いいオフィス公式サイト,https://e-office.space/spaces/kanto/tokyo/tachikawashi/tachikawa-by-feeep
いいオフィス,,TKP新宿西口 by CHATBOX,東京都,,,完全個室ブース,,,,いいオフィス公式サイト,https://e-office.space/spaces/kanto/tokyo/shinjukuku/tkp-shinjukunishiguchi-by-remoteworkbox
いいオフィス,,市ヶ谷 by quantum cross point 市ヶ谷,東京都,,,個室ブース,,,,いいオフィス公式サイト,https://e-office.space/spaces/kanto/tokyo/shinjukuku/ichigaya-by-crosspoint
いいオフィス,,新宿 by Workmedi 新宿,東京都,,,完全個室ブース,,,,いいオフィス公式サイト,https://e-office.space/spaces/kanto/tokyo/shinjukuku/shinjuku-by-workmedi
いいオフィス,,新宿西口店 by FEEEP,東京都,,,完全個室ブース,,,,いいオフィス公式サイト,https://e-office.space/spaces/kanto/tokyo/shinjukuku/shinjukunishiguchi-by-feeep
いいオフィス,,新宿三丁目 by HAKADORU新宿三丁目店,東京都,,,完全個室ブース,,,,いいオフィス公式サイト,https://e-office.space/spaces/kanto/tokyo/shinjukuku/shinjukusanchome-by-hakadoru
いいオフィス,,高田馬場 by StudyWork Cafe24 高田馬場店,東京都,,,完全個室ブース,,,,いいオフィス公式サイト,https://e-office.space/spaces/kanto/tokyo/shinjukuku/takadanobaba-by-studyworkcafe24
いいオフィス,,いいオフィス新宿大久保,東京都,,,完全個室ブース,,,,いいオフィス公式サイト,https://e-office.space/spaces/kanto/tokyo/shinjukuku/shinjukuokubo-by-iio
いいオフィス,,いいオフィス新宿西口,東京都,,,完全個室ブース,,,,いいオフィス公式サイト,https://e-office.space/spaces/kanto/tokyo/shinjukuku/shinjukunishiguchi-by-iio
いいオフィス,,いいオフィス新宿京王百貨店,東京都,,,個室ブース,,,,いいオフィス公式サイト,https://e-office.space/spaces/kanto/tokyo/shinjukuku/shinjukukeio-by-iio
いいオフィス,,新宿東口店 by FEEEP,東京都,,,完全個室ブース,,,,いいオフィス公式サイト,https://e-office.space/spaces/kanto/tokyo/shinjukuku/shinjukuhigashiguchi-by-feeep
いいオフィス,,新宿 by ツクル・ワーク,東京都,,,個室ブース,,,,いいオフィス公式サイト,https://e-office.space/spaces/kanto/tokyo/shinjukuku/shinjuku-by-tsukuru
いいオフィス,,飯田橋店 by FEEEP,東京都,,,完全個室ブース,,,,いいオフィス公式サイト,https://e-office.space/spaces/kanto/tokyo/shinjukuku/iidabashi-by-feeep
いいオフィス,,ミニマルワークスペース高田馬場 by PaO,東京都,,,完全個室ブース,,,,いいオフィス公式サイト,https://e-office.space/spaces/kanto/tokyo/shinjukuku/minimalworkspacetakadanobaba-by-pao
いいオフィス,,自遊空間BIGBOX高田馬場 by CHATBOX,東京都,,,完全個室ブース,,,,いいオフィス公式サイト,https://e-office.space/spaces/kanto/tokyo/shinjukuku/jiyukukan-bigbox-takadanobaba-by-remoteworkbox
いいオフィス,,河西ビル by CHATBOX,東京都,,,完全個室ブース,,,,いいオフィス公式サイト,https://e-office.space/spaces/kanto/tokyo/shinjukuku/kawanishibuilding-by-remoteworkbox
いいオフィス,,TKP市ヶ谷カンファレンスセンター by CHATBOX,東京都,,,完全個室ブース,,,,いいオフィス公式サイト,https://e-office.space/spaces/kanto/tokyo/shinjukuku/tkp-ichigaya-conferencecenter-by-remoteworkbox
いいオフィス,,ビズボ新宿三丁目駅前 by PaO,東京都,,,完全個室ブース,,,,いいオフィス公式サイト,https://e-office.space/spaces/kanto/tokyo/shinjukuku/bizboshinjukusanchomeekimae-by-pao
いいオフィス,,PaO Work 405新宿 by Pao,東京都,,,完全個室ブース,,,,いいオフィス公式サイト,https://e-office.space/spaces/kanto/tokyo/shinjukuku/paowork405shinjuku-by-pao
いいオフィス,,Aivicワークブース西新宿 by PaO,東京都,,,完全個室ブース,,,,いいオフィス公式サイト,https://e-office.space/spaces/kanto/tokyo/shinjukuku/aivicworkboothnishishinjuku-by-pao
いいオフィス,,ビズボ新宿三丁目駅前2nd by PaO,東京都,,,完全個室ブース,,,,いいオフィス公式サイト,https://e-office.space/spaces/kanto/tokyo/shinjukuku/bizboshinjukusanchomeekimae2nd-by-pao
いいオフィス,,PaO Work 新宿 by PaO,東京都,,,完全個室ブース,,,,いいオフィス公式サイト,https://e-office.space/spaces/kanto/tokyo/shinjukuku/paoworkshinjuku-by-pao
いいオフィス,,ワークブース大久保 by PaO,東京都,,,完全個室ブース,,,,いいオフィス公式サイト,https://e-office.space/spaces/kanto/tokyo/shinjukuku/workboothokubo-by-pao
いいオフィス,,町田成瀬 by TENT成瀬,東京都,,,個室ブース,,,,いいオフィス公式サイト,https://e-office.space/spaces/kanto/tokyo/machidashi/naruse-by-tent
いいオフィス,,町田 by Oasis,東京都,,,完全個室ブース,,,,いいオフィス公式サイト,https://e-office.space/spaces/kanto/tokyo/machidashi/machida-by-oasis
いいオフィス,,SpemaBOX_町田モディ by PaO,東京都,,,完全個室ブース,,,,いいオフィス公式サイト,https://e-office.space/spaces/kanto/tokyo/machidashi/paoworkmachidamodi-by-pao
いいオフィス,,御茶ノ水駅前 by BOTTOS 没頭作業カフェ,東京都,,,完全個室ブース,,,,いいオフィス公式サイト,https://e-office.space/spaces/kanto/tokyo/chiyodaku/ochanomizuekimae-by-bottosworkcafe
いいオフィス,,秋葉原 by Working Studio 秋葉原,東京都,,,完全個室ブース,,,,いいオフィス公式サイト,https://e-office.space/spaces/kanto/tokyo/chiyodaku/akihabara-by-workingStudio
いいオフィス,,神田 by Share Office  結う,東京都,,,完全個室ブース,,,,いいオフィス公式サイト,https://e-office.space/spaces/kanto/tokyo/chiyodaku/kanda-by-shareoffice-you
いいオフィス,,ビズボ神田南口 by PaO,東京都,,,完全個室ブース,,,,いいオフィス公式サイト,https://e-office.space/spaces/kanto/tokyo/chiyodaku/bizbokandaminamiguchi-by-pao
いいオフィス,,神保町 by EXPRESSION,東京都,,,完全個室ブース,,,,いいオフィス公式サイト,https://e-office.space/spaces/kanto/tokyo/chiyodaku/jinbocho-by-tunekura
いいオフィス,,神保町 by Work Lounge WACRÉ,東京都,,,完全個室ブース,,,,いいオフィス公式サイト,https://e-office.space/spaces/kanto/tokyo/chiyodaku/suidobashi-by-wacre
いいオフィス,,神保町 by I・SPACE,東京都,,,完全個室ブース,,,,いいオフィス公式サイト,https://e-office.space/spaces/kanto/tokyo/chiyodaku/jinbocho-by-ispace
いいオフィス,,いいオフィス神田,東京都,,,完全個室ブース,,,,いいオフィス公式サイト,https://e-office.space/spaces/kanto/tokyo/chiyodaku/kanda-by-iio
いいオフィス,,御茶ノ水 by GrinSpace,東京都,,,個室ブース,,,,いいオフィス公式サイト,https://e-office.space/spaces/kanto/tokyo/chiyodaku/ochanomizu-by-grinspace
いいオフィス,,秋葉原岩本町店 by FEEEP,東京都,,,完全個室ブース,,,,いいオフィス公式サイト,https://e-office.space/spaces/kanto/tokyo/chiyodaku/akihabaraiwamotocho-by-feeep
いいオフィス,,永田町 by FullHouse,東京都,,,完全個室ブース,,,,いいオフィス公式サイト,https://e-office.space/spaces/kanto/tokyo/chiyodaku/nagatacho
いいオフィス,,QUICK solo 九段会館テラス by CHATBOX,東京都,,,完全個室ブース,,,,いいオフィス公式サイト,https://e-office.space/spaces/kanto/tokyo/chiyodaku/cuick-solo-kudankaikanterasu-by-remoteworkbox
いいオフィス,,TKPガーデンシティ秋葉原 by CHATBOX,東京都,,,完全個室ブース,,,,いいオフィス公式サイト,https://e-office.space/spaces/kanto/tokyo/chiyodaku/tkpgardencity-akihabara-by-remoteworkbox
いいオフィス,,KKRホテル東京 by CHATBOX,東京都,,,完全個室ブース,,,,いいオフィス公式サイト,https://e-office.space/spaces/kanto/tokyo/chiyodaku/kkrhotel-tokyo-by-remoteworkbox
いいオフィス,,TKP東京駅大手町 by CHATBOX,東京都,,,完全個室ブース,,,,いいオフィス公式サイト,https://e-office.space/spaces/kanto/tokyo/chiyodaku/tkp-otemachi-by-remoteworkbox
いいオフィス,,SoloWork飯田橋 by PaO,東京都,,,完全個室ブース,,,,いいオフィス公式サイト,https://e-office.space/spaces/kanto/tokyo/chiyodaku/soloworkiidabashi-by-pao
いいオフィス,,TKP新橋 by CHATBOX,東京都,,,完全個室ブース,,,,いいオフィス公式サイト,https://e-office.space/spaces/kanto/tokyo/chiyodaku/tkp-shinbashi-by-remoteworkbox
いいオフィス,,ワークブース水道橋 by PaO,東京都,,,完全個室ブース,,,,いいオフィス公式サイト,https://e-office.space/spaces/kanto/tokyo/chiyodaku/workboothsuidobashi-by-pao
いいオフィス,,アルカディア市ヶ谷 私学会館 by CHATBOX,東京都,,,完全個室ブース,,,,いいオフィス公式サイト,https://e-office.space/spaces/kanto/tokyo/chiyodaku/arcadia-ichigaya-by-remoteworkbox
いいオフィス,,HKT神保町 by CHATBOX,東京都,,,完全個室ブース,,,,いいオフィス公式サイト,https://e-office.space/spaces/kanto/tokyo/chiyodaku/hkt-jinboutyo-by-remoteworkbox
いいオフィス,,RAKU SPA1010神田 by CHATBOX,東京都,,,完全個室ブース,,,,いいオフィス公式サイト,https://e-office.space/spaces/kanto/tokyo/chiyodaku/paku-spa1010-kanda-by-remoteworkbox
いいオフィス,,三番町東急ビル by CHATBOX,東京都,,,完全個室ブース,,,,いいオフィス公式サイト,https://e-office.space/spaces/kanto/tokyo/chiyodaku/sanbancho-tokyubuild-by-remoteworkbox
いいオフィス,,秋葉原 by ライズオフィス秋葉原,東京都,,,完全個室ブース,,,,いいオフィス公式サイト,https://e-office.space/spaces/kanto/tokyo/chiyodaku/akihabara-by-riseoffice
いいオフィス,,PaO Work NMF駿河台ビル by Pao,東京都,,,完全個室ブース,,,,いいオフィス公式サイト,https://e-office.space/spaces/kanto/tokyo/chiyodaku/paoworknmfsurugadai-by-pao
いいオフィス,,SpemaBOX_水道橋三崎町 by Pao,東京都,,,完全個室ブース,,,,いいオフィス公式サイト,https://e-office.space/spaces/kanto/tokyo/chiyodaku/workboothsuidobashimisakicho-by-pao
いいオフィス,,PaO Work 神田東口 by PaO,東京都,,,完全個室ブース,,,,いいオフィス公式サイト,https://e-office.space/spaces/kanto/tokyo/chiyodaku/paoworkkandahigashiguchi-by-pao
いいオフィス,,ミニマルワークスペース神田 by PaO,東京都,,,完全個室ブース,,,,いいオフィス公式サイト,https://e-office.space/spaces/kanto/tokyo/chiyodaku/minimalworkspacekanda-by-pao
いいオフィス,,ビズボ大手町駅前 by PaO,東京都,,,完全個室ブース,,,,いいオフィス公式サイト,https://e-office.space/spaces/kanto/tokyo/chiyodaku/bizbootemachiekimae-by-pao
いいオフィス,,いいオフィス浅草,東京都,,,完全個室ブース,,,,いいオフィス公式サイト,https://e-office.space/spaces/kanto/tokyo/taitoku/asakusa-by-iio
いいオフィス,,上野 by ExeWorks上野店,東京都,,,完全個室ブース,,,,いいオフィス公式サイト,https://e-office.space/spaces/kanto/tokyo/taitoku/ueno-by-exeworks
いいオフィス,,上野店 by FEEEP,東京都,,,完全個室ブース,,,,いいオフィス公式サイト,https://e-office.space/spaces/kanto/tokyo/taitoku/ueno-by-feeep
いいオフィス,,いいオフィス御徒町,東京都,,,完全個室ブース,,,,いいオフィス公式サイト,https://e-office.space/spaces/kanto/tokyo/taitoku/okachimachi-by-iio
いいオフィス,,ワークブース上野 by PaO,東京都,,,完全個室ブース,,,,いいオフィス公式サイト,https://e-office.space/spaces/kanto/tokyo/taitoku/workboothueno-by-pao
いいオフィス,,カフェ・ド・クリエ御徒町 by CHATBOX,東京都,,,完全個室ブース,,,,いいオフィス公式サイト,https://e-office.space/spaces/kanto/tokyo/taitoku/cafedecrie-okachimachi-by-remoteworkbox
いいオフィス,,SpemaBOX_蔵前駅 by Pao,東京都,,,完全個室ブース,,,,いいオフィス公式サイト,https://e-office.space/spaces/kanto/tokyo/taitoku/spemaboxkuramaeeki-by-Pao
いいオフィス,,浅草橋 by Island Japan,東京都,,,個室ブース,,,,いいオフィス公式サイト,https://e-office.space/spaces/kanto/tokyo/taitoku/asakusabashi-by-island-japan
いいオフィス,,Pao Work 北千住 by PaO,東京都,,,完全個室ブース,,,,いいオフィス公式サイト,https://e-office.space/spaces/kanto/tokyo/adachiku/paoworkkitasenju-by-pao
いいオフィス,,五反野 by 8Knot,東京都,,,完全個室ブース,,,,いいオフィス公式サイト,https://e-office.space/spaces/kanto/tokyo/adachiku/gotanno-by-8knot
いいオフィス,,五反野 by ツナグ,東京都,,,完全個室ブース,,,,いいオフィス公式サイト,https://e-office.space/spaces/kanto/tokyo/adachiku/gotanno-by-tsunagu
いいオフィス,,竹ノ塚 by てんくんスペース,東京都,,,個室ブース,,,,いいオフィス公式サイト,https://e-office.space/spaces/kanto/tokyo/adachiku/takenotsuka-by-tenkunspace
いいオフィス,,ワークスポット葛飾 by PaO,東京都,,,完全個室ブース,,,,いいオフィス公式サイト,https://e-office.space/spaces/kanto/tokyo/katsushikaku/workspotkatsushika-by-pao
いいオフィス,,新小岩 by ファーストスペース,東京都,,,個室ブース,,,,いいオフィス公式サイト,https://e-office.space/spaces/kanto/tokyo/katsushikaku/shinkoiwa-by-firstspace
いいオフィス,,新小岩 by 東京tebiki隣,東京都,,,個室ブース,,,,いいオフィス公式サイト,https://e-office.space/spaces/kanto/tokyo/katsushikaku/shinkoiwa-by-tebiki
いいオフィス,,池袋東口店 by FEEEP,東京都,,,完全個室ブース,,,,いいオフィス公式サイト,https://e-office.space/spaces/kanto/tokyo/toshimaku/ikebukurohigashiguchi-by-feeep
いいオフィス,,池袋 by co-ba ikebukuro station,東京都,,,個室ブース,,,,いいオフィス公式サイト,https://e-office.space/spaces/kanto/tokyo/toshimaku/ikebukurostation-by-co-ba
いいオフィス,,いいオフィス池袋,東京都,,,個室ブース,,,,いいオフィス公式サイト,https://e-office.space/spaces/kanto/tokyo/toshimaku/ikebukuro-by-iio
いいオフィス,,大森 by HAKADORUアトレ大森店,東京都,,,完全個室ブース,,,,いいオフィス公式サイト,https://e-office.space/spaces/kanto/tokyo/otaku/omori-by-hakadoru
いいオフィス,,雪が谷大塚 by ゆたか,東京都,,,完全個室ブース,,,,いいオフィス公式サイト,https://e-office.space/spaces/kanto/tokyo/otaku/yukigayaotsuka-by-yutaka
いいオフィス,,いいオフィス蒲田,東京都,,,完全個室ブース,,,,いいオフィス公式サイト,https://e-office.space/spaces/kanto/tokyo/otaku/kamata-by-iio
いいオフィス,,東急プラザ蒲田 by RemoteworkBOX,東京都,,,完全個室ブース,,,,いいオフィス公式サイト,https://e-office.space/spaces/kanto/tokyo/otaku/tokyu-plaza-kamata-by-remoteworkbox
いいオフィス,,西大井 by IDEABOX,東京都,,,完全個室ブース,,,,いいオフィス公式サイト,https://e-office.space/spaces/kanto/tokyo/shinagawaku/nishioi-by-ideabox
いいオフィス,,武蔵小山 by リンクフロンティア,東京都,,,完全個室ブース,,,,いいオフィス公式サイト,https://e-office.space/spaces/kanto/tokyo/shinagawaku/musashikoyama-by-link-fr
いいオフィス,,いいオフィス目黒,東京都,,,完全個室ブース,,,,いいオフィス公式サイト,https://e-office.space/spaces/kanto/tokyo/shinagawaku/meguro-by-iio
いいオフィス,,青物横丁 by U-make,東京都,,,完全個室ブース,,,,いいオフィス公式サイト,https://e-office.space/spaces/kanto/tokyo/shinagawaku/aomonoyokocho-by-u-make
いいオフィス,,いいオフィス五反田駅前,東京都,,,完全個室ブース,,,,いいオフィス公式サイト,https://e-office.space/spaces/kanto/tokyo/shinagawaku/gotandaekimae-by-iio
いいオフィス,,ビズボ五反田東口 by PaO,東京都,,,完全個室ブース,,,,いいオフィス公式サイト,https://e-office.space/spaces/kanto/tokyo/shinagawaku/bizbogotandahigashiguchi-by-pao
いいオフィス,,大井町 by MICAN,東京都,,,完全個室ブース,,,,いいオフィス公式サイト,https://e-office.space/spaces/kanto/tokyo/shinagawaku/oimachi-by-mican
いいオフィス,,大井町 by カテナ,東京都,,,完全個室ブース,,,,いいオフィス公式サイト,https://e-office.space/spaces/kanto/tokyo/shinagawaku/oimachi-by-catena
いいオフィス,,五反田 by iiO,東京都,,,個室ブース,,,,いいオフィス公式サイト,https://e-office.space/spaces/kanto/tokyo/shinagawaku/gotanda-by-iio
いいオフィス,,VACANCY OFFICE GOTANDA by CHATBOX,東京都,,,完全個室ブース,,,,いいオフィス公式サイト,https://e-office.space/spaces/kanto/tokyo/shinagawaku/vacancy-office-gotanda-by-remoteworkbox
いいオフィス,,世田谷池ノ上 by DOTEMA,東京都,,,個室ブース,,,,いいオフィス公式サイト,https://e-office.space/spaces/kanto/tokyo/setagayaku/ikenoue-by-dotema
いいオフィス,,いいオフィス下北沢駅前,東京都,,,個室ブース,,,,いいオフィス公式サイト,https://e-office.space/spaces/kanto/tokyo/setagayaku/shimokitazawaekimae-by-iio
いいオフィス,,下北沢 by KanadeBako,東京都,,,完全個室ブース,,,,いいオフィス公式サイト,https://e-office.space/spaces/kanto/tokyo/setagayaku/shimokitazawa-by-kanadebako
いいオフィス,,祖師谷大蔵 by WorkandPlaySOSHIGAYA,東京都,,,完全個室ブース,,,,いいオフィス公式サイト,https://e-office.space/spaces/kanto/tokyo/setagayaku/soshigayaokura-by-workandplay
いいオフィス,,世田谷豪徳寺 by Working cafe halo,東京都,,,個室ブース,,,,いいオフィス公式サイト,https://e-office.space/spaces/kanto/tokyo/setagayaku/gotokuji-by-cafehalo
いいオフィス,,いいオフィス二子玉川,東京都,,,完全個室ブース,,,,いいオフィス公式サイト,https://e-office.space/spaces/kanto/tokyo/setagayaku/futakotamagawa-by-iio
いいオフィス,,いいオフィス下北沢,東京都,,,個室ブース,,,,いいオフィス公式サイト,https://e-office.space/spaces/kanto/tokyo/setagayaku/shimokitazawa-by-annex1
いいオフィス,,明大前 by SaCuLa明大前,東京都,,,完全個室ブース,,,,いいオフィス公式サイト,https://e-office.space/spaces/kanto/tokyo/setagayaku/meidaimae-by-sacula
いいオフィス,,千歳烏山 by SaCuLa 千歳烏山,東京都,,,完全個室ブース,,,,いいオフィス公式サイト,https://e-office.space/spaces/kanto/tokyo/setagayaku/chitosekarasuyama-by-sacula
いいオフィス,,cocony三軒茶屋 by PaO,東京都,,,完全個室ブース,,,,いいオフィス公式サイト,https://e-office.space/spaces/kanto/tokyo/setagayaku/coconysangenjaya-by-pao
いいオフィス,,SpemaBOX_駒沢大学駅前 by PaO,東京都,,,完全個室ブース,,,,いいオフィス公式サイト,https://e-office.space/spaces/kanto/tokyo/setagayaku/minimalworkspacekomazawadaigaku-by-pao
いいオフィス,,浜松町 by A-Point,東京都,,,完全個室ブース,,,,いいオフィス公式サイト,https://e-office.space/spaces/kanto/tokyo/minatoku/hamamatsucho-by-a-point
いいオフィス,,いいオフィス品川,東京都,,,完全個室ブース,,,,いいオフィス公式サイト,https://e-office.space/spaces/kanto/tokyo/minatoku/shinagawa-by-iio
いいオフィス,,大門浜松町 by リブポート浜松町,東京都,,,完全個室ブース,,,,いいオフィス公式サイト,https://e-office.space/spaces/kanto/tokyo/minatoku/hamamatsucho-by-libport
いいオフィス,,新橋 by BISTATION,東京都,,,完全個室ブース,,,,いいオフィス公式サイト,https://e-office.space/spaces/kanto/tokyo/minatoku/shinbashi-by-bistation
いいオフィス,,浜松町 by wedo,東京都,,,完全個室ブース,,,,いいオフィス公式サイト,https://e-office.space/spaces/kanto/tokyo/minatoku/hamamatsucho-by-wedo
いいオフィス,,浜松町大門 by リンクフロンティア,東京都,,,完全個室ブース,,,,いいオフィス公式サイト,https://e-office.space/spaces/kanto/tokyo/minatoku/hamamatsucho-daimon-by-link-fr
いいオフィス,,いいオフィス赤坂見附,東京都,,,完全個室ブース,,,,いいオフィス公式サイト,https://e-office.space/spaces/kanto/tokyo/minatoku/akasakamitsuke-by-iio
いいオフィス,,いいオフィス田町,東京都,,,完全個室ブース,,,,いいオフィス公式サイト,https://e-office.space/spaces/kanto/tokyo/minatoku/tamachi-by-iio
いいオフィス,,品川 by リブポート品川,東京都,,,完全個室ブース,,,,いいオフィス公式サイト,https://e-office.space/spaces/kanto/tokyo/minatoku/shinagawa-by-libport
いいオフィス,,芝浦 by ヨコソーレインボータワー,東京都,,,完全個室ブース,,,,いいオフィス公式サイト,https://e-office.space/spaces/kanto/tokyo/minatoku/shibaura-by-yokoso
いいオフィス,,いいオフィス南麻布,東京都,,,完全個室ブース,,,,いいオフィス公式サイト,https://e-office.space/spaces/kanto/tokyo/minatoku/minamiazabu-by-iio
いいオフィス,,いいオフィス新橋,東京都,,,完全個室ブース,,,,いいオフィス公式サイト,https://e-office.space/spaces/kanto/tokyo/minatoku/shimbashi-by-iio
いいオフィス,,ニュー新橋ビル店 by FEEEP,東京都,,,完全個室ブース,,,,いいオフィス公式サイト,https://e-office.space/spaces/kanto/tokyo/minatoku/newshinbashi-by-feeep
いいオフィス,,ワークブース新橋駅前 by PaO,東京都,,,完全個室ブース,,,,いいオフィス公式サイト,https://e-office.space/spaces/kanto/tokyo/minatoku/workboothshimbashiekimae-by-pao
いいオフィス,,ニュー新橋ビル by CHATBOX,東京都,,,完全個室ブース,,,,いいオフィス公式サイト,https://e-office.space/spaces/kanto/tokyo/minatoku/new-shimbashibuilding-by-remoteworkbox
いいオフィス,,三田 by スペラボ三田,東京都,,,完全個室ブース,,,,いいオフィス公式サイト,https://e-office.space/spaces/kanto/tokyo/minatoku/mita-by-spalab
いいオフィス,,ビズボ赤坂見附駅前 by PaO,東京都,,,完全個室ブース,,,,いいオフィス公式サイト,https://e-office.space/spaces/kanto/tokyo/minatoku/bizboakasakamitsuke-by-pao
いいオフィス,,TKPガーデンシティ田町 by CHATBOX,東京都,,,完全個室ブース,,,,いいオフィス公式サイト,https://e-office.space/spaces/kanto/tokyo/minatoku/tkpgardencity-tamachi-by-remoteworkbox
いいオフィス,,浜松町スクエア by CHATBOX,東京都,,,完全個室ブース,,,,いいオフィス公式サイト,https://e-office.space/spaces/kanto/tokyo/minatoku/hamamatucho-square-by-remoteworkbox
いいオフィス,,品川イースト by CHATBOX,東京都,,,完全個室ブース,,,,いいオフィス公式サイト,https://e-office.space/spaces/kanto/tokyo/minatoku/shinagawaeast-by-remoteworkbox
いいオフィス,,味覚糖UHA館TKP溜池山王 by CHATBOX,東京都,,,完全個室ブース,,,,いいオフィス公式サイト,https://e-office.space/spaces/kanto/tokyo/minatoku/cc-uha-tameikesanno-by-remoteworkbox
いいオフィス,,SpemaBOX_六本木 by PaO,東京都,,,完全個室ブース,,,,いいオフィス公式サイト,https://e-office.space/spaces/kanto/tokyo/minatoku/workboothroppongi-by-pao
いいオフィス,,ミニマルワークスペース白金高輪 by PaO,東京都,,,完全個室ブース,,,,いいオフィス公式サイト,https://e-office.space/spaces/kanto/tokyo/minatoku/minimalworkspaceshirokanetakanawa-by-pao
いいオフィス,,赤坂見附 by ライズオフィス赤坂見附,東京都,,,個室ブース,,,,いいオフィス公式サイト,https://e-office.space/spaces/kanto/tokyo/minatoku/akasakamitsuke-by-riseoffice
いいオフィス,,PaO Work NMF青山一丁目ビル by Pao,東京都,,,個室ブース,,,,いいオフィス公式サイト,https://e-office.space/spaces/kanto/tokyo/minatoku/paoworknmfaoyamaitchome-by-pao
いいオフィス,,大門 by スペラボ浜松町大門,東京都,,,完全個室ブース,,,,いいオフィス公式サイト,https://e-office.space/spaces/kanto/tokyo/minatoku/daimon-by-spalab
いいオフィス,,ワークブース浜松町 by PaO,東京都,,,完全個室ブース,,,,いいオフィス公式サイト,https://e-office.space/spaces/kanto/tokyo/minatoku/workboothhamamatsucho-by-pao
いいオフィス,,SpemaBOX_浜松町一丁目 by PaO,東京都,,,完全個室ブース,,,,いいオフィス公式サイト,https://e-office.space/spaces/kanto/tokyo/minatoku/minimalworkspacehamamatsucho-by-pao
いいオフィス,,田町芝浦 by カムリーコワーキング,東京都,,,完全個室ブース,,,,いいオフィス公式サイト,https://e-office.space/spaces/kanto/tokyo/minatoku/shibaura-by-calmly
いいオフィス,,渋谷宮益坂 by HAKADORU,東京都,,,完全個室ブース,,,,いいオフィス公式サイト,https://e-office.space/spaces/kanto/tokyo/shibuyaku/shibuya-by-hakadoru
いいオフィス,,恵比寿西口店 by FEEEP,東京都,,,完全個室ブース,,,,いいオフィス公式サイト,https://e-office.space/spaces/kanto/tokyo/shibuyaku/ebisunishiguchi-by-feeep
いいオフィス,,いいオフィス恵比寿,東京都,,,完全個室ブース,,,,いいオフィス公式サイト,https://e-office.space/spaces/kanto/tokyo/shibuyaku/ebisu-by-iio
いいオフィス,,西新宿Aビル by CHATBOX,東京都,,,完全個室ブース,,,,いいオフィス公式サイト,https://e-office.space/spaces/kanto/tokyo/shibuyaku/nishishinjuku-abuilding-by-remoteworkbox
いいオフィス,,カフェ・ド・クリエ グラン 渋谷桜丘スクエア by CHATBOX,東京都,,,完全個室ブース,,,,いいオフィス公式サイト,https://e-office.space/spaces/kanto/tokyo/shibuyaku/cafedecriegran-shibuyasakuragaokasquare-by-remoteworkbox
いいオフィス,,ビズボ渋谷宮益坂 by PaO,東京都,,,完全個室ブース,,,,いいオフィス公式サイト,https://e-office.space/spaces/kanto/tokyo/shibuyaku/bizboshibuyamiyamasuzaka-by-pao
いいオフィス,,TKPガーデンシティ渋谷 by CHATBOX,東京都,,,完全個室ブース,,,,いいオフィス公式サイト,https://e-office.space/spaces/kanto/tokyo/shibuyaku/tkpgardencity-shibuya-by-remoteworkbox
いいオフィス,,渋谷駅前ビル店 by FEEEP,東京都,,,完全個室ブース,,,,いいオフィス公式サイト,https://e-office.space/spaces/kanto/tokyo/shibuyaku/shibuyaekimae-by-feeep
いいオフィス,,東急プラザ渋谷 by CHATBOX,東京都,,,完全個室ブース,,,,いいオフィス公式サイト,https://e-office.space/spaces/kanto/tokyo/shibuyaku/tokyu-plaza-shibuya-by-remoteworkbox
いいオフィス,,恵比寿ビジネスタワー by CHATBOX,東京都,,,完全個室ブース,,,,いいオフィス公式サイト,https://e-office.space/spaces/kanto/tokyo/shibuyaku/ebisu-businesstower-by-remoteworkbox
いいオフィス,,PaO Work 渋谷道玄坂 by PaO,東京都,,,完全個室ブース,,,,いいオフィス公式サイト,https://e-office.space/spaces/kanto/tokyo/shibuyaku/paoworkshibuyadogenzaka-by-pao
いいオフィス,,個室ワークブース広尾 by PaO,東京都,,,完全個室ブース,,,,いいオフィス公式サイト,https://e-office.space/spaces/kanto/tokyo/shibuyaku/koshitsuworkboothhiroo-by-pao
いいオフィス,,SpemaBOX_渋谷明治通りスペマオフィス by PaO,東京都,,,完全個室ブース,,,,いいオフィス公式サイト,https://e-office.space/spaces/kanto/tokyo/shibuyaku/spemaboxshibuyameijidori-by-pao
いいオフィス,,SpemaBOX_渋谷神南一丁目 by PaO,東京都,,,完全個室ブース,,,,いいオフィス公式サイト,https://e-office.space/spaces/kanto/tokyo/shibuyaku/spemaboxshibuyajinnan-by-pao
いいオフィス,,恵比寿 by ライズオフィス恵比寿,東京都,,,完全個室ブース,,,,いいオフィス公式サイト,https://e-office.space/spaces/kanto/tokyo/shibuyaku/ebisu-by-riseoffice
いいオフィス,,BIZ DESK 笹塚駅前 by Pao,東京都,,,完全個室ブース,,,,いいオフィス公式サイト,https://e-office.space/spaces/kanto/tokyo/shibuyaku/bizdesksasazukaekimae-by-pao
いいオフィス,,ヒトリボックス 代々木駅前 by PaO,東京都,,,完全個室ブース,,,,いいオフィス公式サイト,https://e-office.space/spaces/kanto/tokyo/shibuyaku/hitoriboxyoyogiekimae-by-pao
いいオフィス,,武蔵野 by 公苑前のオフィス,東京都,,,完全個室ブース,,,,いいオフィス公式サイト,https://e-office.space/spaces/kanto/tokyo/musashinoshi/musashino-by-coen-mae
いいオフィス,,いいオフィス吉祥寺,東京都,,,完全個室ブース,,,,いいオフィス公式サイト,https://e-office.space/spaces/kanto/tokyo/musashinoshi/kichijoji-by-iio
いいオフィス,,SpemaBOX_吉祥寺ネクスト by PaO,東京都,,,完全個室ブース,,,,いいオフィス公式サイト,https://e-office.space/spaces/kanto/tokyo/musashinoshi/workboothkichijojinext-by-pao
いいオフィス,,ワークブース吉祥寺 by PaO,東京都,,,完全個室ブース,,,,いいオフィス公式サイト,https://e-office.space/spaces/kanto/tokyo/musashinoshi/workboothkichijoji-by-pao
いいオフィス,,東高円寺 by ミライノベース,東京都,,,完全個室ブース,,,,いいオフィス公式サイト,https://e-office.space/spaces/kanto/tokyo/suginamiku/higashikoenji-by-mirainobase
いいオフィス,,いいオフィス荻窪,東京都,,,完全個室ブース,,,,いいオフィス公式サイト,https://e-office.space/spaces/kanto/tokyo/suginamiku/ogikubo-by-iio
いいオフィス,,いいオフィス高円寺,東京都,,,完全個室ブース,,,,いいオフィス公式サイト,https://e-office.space/spaces/kanto/tokyo/suginamiku/koenji-by-iio
いいオフィス,,いいオフィス西荻窪,東京都,,,個室ブース,,,,いいオフィス公式サイト,https://e-office.space/spaces/kanto/tokyo/suginamiku/nishiogikubo-by-iio
いいオフィス,,ワークブース西荻窪駅前 by Pao,東京都,,,完全個室ブース,,,,いいオフィス公式サイト,https://e-office.space/spaces/kanto/tokyo/suginamiku/workboothnishiogikubo-by-pao
いいオフィス,,自由が丘 by MooGra,東京都,,,個室ブース,,,,いいオフィス公式サイト,https://e-office.space/spaces/kanto/tokyo/meguroku/jiyugaoka-by-moogra
いいオフィス,,いいオフィス中目黒,東京都,,,完全個室ブース,,,,いいオフィス公式サイト,https://e-office.space/spaces/kanto/tokyo/meguroku/nakameguro-by-iio
いいオフィス,,学芸大学東口店 by FEEEP,東京都,,,完全個室ブース,,,,いいオフィス公式サイト,https://e-office.space/spaces/kanto/tokyo/meguroku/gakugeidaigakuhigashiguchi-by-feeep
いいオフィス,,SpemaBOX_アパマンショップ自由が丘 by PaO,東京都,,,完全個室ブース,,,,いいオフィス公式サイト,https://e-office.space/spaces/kanto/tokyo/meguroku/paoworkjiyugaoka-by-pao
いいオフィス,,SoloWork中目黒駅前 by Pao,東京都,,,完全個室ブース,,,,いいオフィス公式サイト,https://e-office.space/spaces/kanto/tokyo/meguroku/soloworknakameguroekimae-by-Pao
いいオフィス,,ランドーレジデンス東京スイーツ by CHATBOX,東京都,,,完全個室ブース,,,,いいオフィス公式サイト,https://e-office.space/spaces/kanto/tokyo/arakawaku/randor-residence-tokyo-suites-by-remoteworkbox
いいオフィス,,日暮里MH WORK BOX by PaO,東京都,,,完全個室ブース,,,,いいオフィス公式サイト,https://e-office.space/spaces/kanto/tokyo/arakawaku/nipporimhworkbox-by-pao
いいオフィス,,駅チカ書斎 日暮里 by Pao,東京都,,,完全個室ブース,,,,いいオフィス公式サイト,https://e-office.space/spaces/kanto/tokyo/arakawaku/ekichikashosainippori-by-pao
いいオフィス,,ランドーレジデンス東京クラシック by CHATBOX,東京都,,,完全個室ブース,,,,いいオフィス公式サイト,https://e-office.space/spaces/kanto/tokyo/arakawaku/randor-residence-tokyo-classic-by-remoteworkBox
いいオフィス,,青梅河辺 by 95NJ,東京都,,,完全個室ブース,,,,いいオフィス公式サイト,https://e-office.space/spaces/kanto/tokyo/oumeshi/oumekabe-by95nj
いいオフィス,,いいオフィス赤羽,東京都,,,完全個室ブース,,,,いいオフィス公式サイト,https://e-office.space/spaces/kanto/tokyo/kitaku/akabane-by-iio
いいオフィス,,いいオフィス王子,東京都,,,完全個室ブース,,,,いいオフィス公式サイト,https://e-office.space/spaces/kanto/tokyo/kitaku/oji-by-iio
いいオフィス,,柴崎 by 静かなじかん,東京都,,,個室ブース,,,,いいオフィス公式サイト,https://e-office.space/spaces/kanto/tokyo/chofushi/shibasaki-by-shizukanajikan
いいオフィス,,調布駅前 by dOne,東京都,,,完全個室ブース,,,,いいオフィス公式サイト,https://e-office.space/spaces/kanto/tokyo/chofushi/chofuekimae-by-done
いいオフィス,,いいオフィス志村坂上,東京都,,,完全個室ブース,,,,いいオフィス公式サイト,https://e-office.space/spaces/kanto/tokyo/itabashiku/shimurasakaue-by-iio
いいオフィス,,いいオフィス小岩,東京都,,,完全個室ブース,,,,いいオフィス公式サイト,https://e-office.space/spaces/kanto/tokyo/edogawaku/koiwa-by-iio
いいオフィス,,葛西 by ウエスタン,東京都,,,個室ブース,,,,いいオフィス公式サイト,https://e-office.space/spaces/kanto/tokyo/edogawaku/kasai-by-western
いいオフィス,,いいオフィス西葛西,東京都,,,完全個室ブース,,,,いいオフィス公式サイト,https://e-office.space/spaces/kanto/tokyo/edogawaku/nishikasai-by-iio
いいオフィス,,いいオフィス錦糸町,東京都,,,完全個室ブース,,,,いいオフィス公式サイト,https://e-office.space/spaces/kanto/tokyo/sumidaku/kinshicho-by-iio
いいオフィス,,SpemaBOX_マルイ錦糸町 by PaO,東京都,,,完全個室ブース,,,,いいオフィス公式サイト,https://e-office.space/spaces/kanto/tokyo/sumidaku/paoworkmaruikinshichoten-by-pao
いいオフィス,,三鷹 by LHK,東京都,,,完全個室ブース,,,,いいオフィス公式サイト,https://e-office.space/spaces/kanto/tokyo/mitakashi/mitaka-by-lhk
いいオフィス,,いいオフィス中野,東京都,,,完全個室ブース,,,,いいオフィス公式サイト,https://e-office.space/spaces/kanto/tokyo/nakanoku/nakano-by-iio
いいオフィス,,狛江 by CoWork  KOMAE（旧 fabbit狛江）,東京都,,,完全個室ブース,,,,いいオフィス公式サイト,https://e-office.space/spaces/kanto/tokyo/komaeshi/komae-by-fabbit
いいオフィス,,喜多見 by サテライトオフィス狛江City,東京都,,,完全個室ブース,,,,いいオフィス公式サイト,https://e-office.space/spaces/kanto/tokyo/komaeshi/kitami-by-satelliteoffice-komae
いいオフィス,,勉強カフェ 国分寺スタジオ by CHATBOX,東京都,,,完全個室ブース,,,,いいオフィス公式サイト,https://e-office.space/spaces/kanto/tokyo/kokubunjishi/benkyocafe-kokubunjistudio-by-remoteworkbox
いいオフィス,,代々木 by YCS Remote,東京都,,,個室ブース,,,,いいオフィス公式サイト,https://e-office.space/spaces/kanto/tokyo/sibuyaku/yoyogi-by-ycsremote
いいオフィス,,TimePort木場ワーキングブース by PaO,東京都,,,完全個室ブース,,,,いいオフィス公式サイト,https://e-office.space/spaces/kanto/tokyo/kotoku/timeportkibaworking-by-pao
いいオフィス,,PaO Work 東陽町 by PaO,東京都,,,完全個室ブース,,,,いいオフィス公式サイト,https://e-office.space/spaces/kanto/tokyo/kotoku/paoworktoyocho-by-pao
いいオフィス,,門前仲町 by サロン・ダール,東京都,,,完全個室ブース,,,,いいオフィス公式サイト,https://e-office.space/spaces/kanto/tokyo/kotoku/monzennakacho-by-salondart
いいオフィス,,東急プラザ銀座 by CHATBOX,東京都,,,完全個室ブース,,,,いいオフィス公式サイト,https://e-office.space/spaces/kanto/tokyo/chuouku/tokyu-plaza-ginza-by-remoteworkbox
いいオフィス,,ホテルノービス調布 by CHATBOX,東京都,,,完全個室ブース,,,,いいオフィス公式サイト,https://e-office.space/spaces/kanto/tokyo/chohushi/hotelnovice-chohu-by-remoteworkbox
いいオフィス,,東戸塚 by GranS,神奈川県,,,完全個室ブース,,,,いいオフィス公式サイト,https://e-office.space/spaces/kanto/kanagawa/yokohamashi/higashitotsuka-by-gran-s
いいオフィス,,関内 by co-ba 横浜関内,神奈川県,,,完全個室ブース,,,,いいオフィス公式サイト,https://e-office.space/spaces/kanto/kanagawa/yokohamashi/kannnai-by-co-ba
いいオフィス,,横浜 by STAYUP 横浜,神奈川県,,,完全個室ブース,,,,いいオフィス公式サイト,https://e-office.space/spaces/kanto/kanagawa/yokohamashi/yokohama-by-stayup
いいオフィス,,井土ヶ谷 by D-Workbase,神奈川県,,,完全個室ブース,,,,いいオフィス公式サイト,https://e-office.space/spaces/kanto/kanagawa/yokohamashi/idogaya-by-d-workbase
いいオフィス,,センター南 by Farrow Group,神奈川県,,,完全個室ブース,,,,いいオフィス公式サイト,https://e-office.space/spaces/kanto/kanagawa/yokohamashi/centerminami-by-farrowgroup
いいオフィス,,鶴見 by Bizcafe鶴見,神奈川県,,,完全個室ブース,,,,いいオフィス公式サイト,https://e-office.space/spaces/kanto/kanagawa/yokohamashi/tsurumi-by-bizcafe
いいオフィス,,いいオフィス北山田,神奈川県,,,完全個室ブース,,,,いいオフィス公式サイト,https://e-office.space/spaces/kanto/kanagawa/yokohamashi/kitayamata-by-iio
いいオフィス,,新横浜 by リブポート新横浜,神奈川県,,,完全個室ブース,,,,いいオフィス公式サイト,https://e-office.space/spaces/kanto/kanagawa/yokohamashi/shinyokohama-by-libport
いいオフィス,,横浜 by HamaPort,神奈川県,,,完全個室ブース,,,,いいオフィス公式サイト,https://e-office.space/spaces/kanto/kanagawa/yokohamashi/yokohama-by-hamaport
いいオフィス,,新横浜 by BISTATION,神奈川県,,,完全個室ブース,,,,いいオフィス公式サイト,https://e-office.space/spaces/kanto/kanagawa/yokohamashi/shinyokohama-by-bistation
いいオフィス,,能見台 by A-LOUNGE,神奈川県,,,完全個室ブース,,,,いいオフィス公式サイト,https://e-office.space/spaces/kanto/kanagawa/yokohamashi/noukendai-by-a-lounge
いいオフィス,,ビズボマルイシティ横浜 by PaO,神奈川県,,,完全個室ブース,,,,いいオフィス公式サイト,https://e-office.space/spaces/kanto/kanagawa/yokohamashi/bizbomaruicityyokohama-by-pao
いいオフィス,,横浜 by ヨコハマホップ,神奈川県,,,完全個室ブース,,,,いいオフィス公式サイト,https://e-office.space/spaces/kanto/kanagawa/yokohamashi/yokohama-by-yokohamahop
いいオフィス,,関内 by G Innovation Hub YOKOHAMA,神奈川県,,,個室ブース,,,,いいオフィス公式サイト,https://e-office.space/spaces/kanto/kanagawa/yokohamashi/kannai-by-gih
いいオフィス,,TKPガーデンシティ横浜西口 by CHATBOX,神奈川県,,,完全個室ブース,,,,いいオフィス公式サイト,https://e-office.space/spaces/kanto/kanagawa/yokohamashi/tkpgardencity-yokohamanishiguchi-by-remoteworkbox
いいオフィス,,ビズボ横浜駅西口 by PaO,神奈川県,,,完全個室ブース,,,,いいオフィス公式サイト,https://e-office.space/spaces/kanto/kanagawa/yokohamashi/bizboyokohamaekinishiguchi-by-pao
いいオフィス,,日吉 by コワーキング,神奈川県,,,個室ブース,,,,いいオフィス公式サイト,https://e-office.space/spaces/kanto/kanagawa/yokohamashi/hiyoshi-by-coworking
いいオフィス,,PaO Work マルイシティ横浜店 by PaO,神奈川県,,,完全個室ブース,,,,いいオフィス公式サイト,https://e-office.space/spaces/kanto/kanagawa/yokohamashi/paoworkyokohama-by-pao
いいオフィス,,個室型ワークブース鶴見 by PaO,神奈川県,,,完全個室ブース,,,,いいオフィス公式サイト,https://e-office.space/spaces/kanto/kanagawa/yokohamashi/workboothtsurumi-by-pao
いいオフィス,,ビズボ横浜東口 by PaO,神奈川県,,,完全個室ブース,,,,いいオフィス公式サイト,https://e-office.space/spaces/kanto/kanagawa/yokohamashi/bizboyokohamahigashiguchi-by-pao
いいオフィス,,関内 by スペラボ横浜関内,神奈川県,,,完全個室ブース,,,,いいオフィス公式サイト,https://e-office.space/spaces/kanto/kanagawa/yokohamashi/kannnai-by-spalab
いいオフィス,,ワークブース桜木町 by PaO,神奈川県,,,完全個室ブース,,,,いいオフィス公式サイト,https://e-office.space/spaces/kanto/kanagawa/yokohamashi/workboothsakuragicho-by-pao
いいオフィス,,ヒトリボックス 新横浜駅前 by PaO,神奈川県,,,完全個室ブース,,,,いいオフィス公式サイト,https://e-office.space/spaces/kanto/kanagawa/yokohamashi/hitoriboxshinyokohamaekimae-by-pao
いいオフィス,,ワークブース関内 by PaO,神奈川県,,,完全個室ブース,,,,いいオフィス公式サイト,https://e-office.space/spaces/kanto/kanagawa/yokohamashi/workboothkannai-by-pao
いいオフィス,,ノースポート・モール by CHATBOX,神奈川県,,,完全個室ブース,,,,いいオフィス公式サイト,https://e-office.space/spaces/kanto/kanagawa/yokohamashi/northport-mall-by-remoteworkbox
いいオフィス,,平沼橋 by 平沼不動産,神奈川県,,,完全個室ブース,,,,いいオフィス公式サイト,https://e-office.space/spaces/kanto/kanagawa/yokohamashi/hiranumabashi-by-hiranumafudousan
いいオフィス,,SpemaBOX_桜木町ワシントンホテル by Pao,神奈川県,,,完全個室ブース,,,,いいオフィス公式サイト,https://e-office.space/spaces/kanto/kanagawa/yokohamashi/spemaboxsakuragichowashingtonhotel-by-Pao
いいオフィス,,ビズボセンター北駅前 by Pao,神奈川県,,,完全個室ブース,,,,いいオフィス公式サイト,https://e-office.space/spaces/kanto/kanagawa/yokohamashi/bizbocenterkitaekimae-by-pao
いいオフィス,,伊勢佐木長者町 by スペラボ横浜伊勢佐木,神奈川県,,,完全個室ブース,,,,いいオフィス公式サイト,https://e-office.space/spaces/kanto/kanagawa/yokohamashi/isezakicho-by-spalab
いいオフィス,,ヒトリボックス 横浜駅東口 by PaO,神奈川県,,,完全個室ブース,,,,いいオフィス公式サイト,https://e-office.space/spaces/kanto/kanagawa/yokohamashi/hitoriboxyokohamaekihigashiguchi-by-pao
いいオフィス,,鎌倉 by ​workshop studio canvas,神奈川県,,,完全個室ブース,,,,いいオフィス公式サイト,https://e-office.space/spaces/kanto/kanagawa/kamakurashi/kamakura-by-workshopstudiocanvas
いいオフィス,,厚木七沢 by 福元館,神奈川県,,,完全個室ブース,,,,いいオフィス公式サイト,https://e-office.space/spaces/kanto/kanagawa/atsugishi/atsuginanasawa-by-fukumotokan
いいオフィス,,本厚木 by OPTO,神奈川県,,,完全個室ブース,,,,いいオフィス公式サイト,https://e-office.space/spaces/kanto/kanagawa/atsugishi/honatsugi-by-opto
いいオフィス,,SpemaBOX_本厚木駅 by PaO,神奈川県,,,完全個室ブース,,,,いいオフィス公式サイト,https://e-office.space/spaces/kanto/kanagawa/atsugishi/spemaboxhonatsugi-by-pao
いいオフィス,,向ヶ丘遊園 by AMOREA,神奈川県,,,完全個室ブース,,,,いいオフィス公式サイト,https://e-office.space/spaces/kanto/kanagawa/kawasakishi/mukougaokayuen-by-amorea
いいオフィス,,川崎 by ワーキングスペース縁道,神奈川県,,,完全個室ブース,,,,いいオフィス公式サイト,https://e-office.space/spaces/kanto/kanagawa/kawasakishi/kawasaki-by-enmichi
いいオフィス,,cocony武蔵小杉 北口店 by PaO,神奈川県,,,完全個室ブース,,,,いいオフィス公式サイト,https://e-office.space/spaces/kanto/kanagawa/kawasakishi/coconymusashikosugikitaguchiten-by-pao
いいオフィス,,勉強カフェ 溝の口スタジオ by CHATBOX,神奈川県,,,完全個室ブース,,,,いいオフィス公式サイト,https://e-office.space/spaces/kanto/kanagawa/kawasakishi/benkyocafe-mizonokuchistudio-by-remoteworkbox
いいオフィス,,PaO Work 川崎 by PaO,神奈川県,,,完全個室ブース,,,,いいオフィス公式サイト,https://e-office.space/spaces/kanto/kanagawa/kawasakishi/paoworkawasaki-by-pao
いいオフィス,,cocony武蔵小杉 南口店 by PaO,神奈川県,,,完全個室ブース,,,,いいオフィス公式サイト,https://e-office.space/spaces/kanto/kanagawa/kawasakishi/coconymusashikosugiminamiguchiten-by-pao
いいオフィス,,久地 by ハッコーワーキング,神奈川県,,,個室ブース,,,,いいオフィス公式サイト,https://e-office.space/spaces/kanto/kanagawa/kawasakishi/kuji-by-haccoworking
いいオフィス,,平塚 by ふらっとワーク平塚店,神奈川県,,,完全個室ブース,,,,いいオフィス公式サイト,https://e-office.space/spaces/kanto/kanagawa/hiratsukashi/hiratsuka-by-flat-work
いいオフィス,,南足柄 by ヴェルミminami,神奈川県,,,完全個室ブース,,,,いいオフィス公式サイト,https://e-office.space/spaces/kanto/kanagawa/minamiashigarashi/minamiashigara-by-welmiminami
いいオフィス,,相模原 by JUPITER,神奈川県,,,完全個室ブース,,,,いいオフィス公式サイト,https://e-office.space/spaces/kanto/kanagawa/sagamiharashi/sagamihara-by-jupiter
いいオフィス,,ワークブース町田駅前 by PaO,神奈川県,,,完全個室ブース,,,,いいオフィス公式サイト,https://e-office.space/spaces/kanto/kanagawa/sagamiharashi/workboothmachidaekimae-by-pao
いいオフィス,,茅ヶ崎 by たかすなベース,神奈川県,,,個室ブース,,,,いいオフィス公式サイト,https://e-office.space/spaces/kanto/kanagawa/chigasakishi/chigasaki-by-takasuna-base
いいオフィス,,秦野アルファビル by CHATBOX,神奈川県,,,完全個室ブース,,,,いいオフィス公式サイト,https://e-office.space/spaces/kanto/kanagawa/hadanoshi/hadanoalphabuilding-by-remoteworkbox
いいオフィス,,ワークブース海老名マルイ by Pao,神奈川県,,,完全個室ブース,,,,いいオフィス公式サイト,https://e-office.space/spaces/kanto/kanagawa/ebinashi/workboothebinamarui-by-pao
いいオフィス,,越後湯沢 by きら星BASE,新潟県,,,個室ブース,,,,いいオフィス公式サイト,https://e-office.space/spaces/hokuriku-koshinetsu/niigata/minamiuonumagun/echigoyuzawa-by-kirahoshibase
いいオフィス,,燕三条 by イチコン,新潟県,,,完全個室ブース,,,,いいオフィス公式サイト,https://e-office.space/spaces/hokuriku-koshinetsu/niigata/tsubameshi/tsubamesanjyo-by-ichicom
いいオフィス,,長岡 by ゆるり屋,新潟県,,,個室ブース,,,,いいオフィス公式サイト,https://e-office.space/spaces/hokuriku-koshinetsu/niigata/nagaokashi/nagaoka-by-yururiya
いいオフィス,,小千谷 by 秀和建設,新潟県,,,完全個室ブース,,,,いいオフィス公式サイト,https://e-office.space/spaces/hokuriku-koshinetsu/niigata/ojiyashi/ojiya-by-shuwaconstruction
いいオフィス,,射水 by HIBARI NEST,富山県,,,完全個室ブース,,,,いいオフィス公式サイト,https://e-office.space/spaces/hokuriku-koshinetsu/toyama/imizushi/imizu-by-hibarinest
いいオフィス,,射水 by アグミライミズ,富山県,,,完全個室ブース,,,,いいオフィス公式サイト,https://e-office.space/spaces/hokuriku-koshinetsu/toyama/imizushi/imizu-by-agumira
いいオフィス,,丸の内 by hiraku,富山県,,,個室ブース,,,,いいオフィス公式サイト,https://e-office.space/spaces/hokuriku-koshinetsu/toyama/toyamashi/marunouchi-by-hiraku
いいオフィス,,富山 by ワークブース Sakura,富山県,,,完全個室ブース,,,,いいオフィス公式サイト,https://e-office.space/spaces/hokuriku-koshinetsu/toyama/toyamashi/toyama-by-wb-sakura
いいオフィス,,高岡 by ippo,富山県,,,完全個室ブース,,,,いいオフィス公式サイト,https://e-office.space/spaces/hokuriku-koshinetsu/toyama/takaokashi/takaoka-by-ippo
いいオフィス,,南砺 by 桜クリエ,富山県,,,完全個室ブース,,,,いいオフィス公式サイト,https://e-office.space/spaces/hokuriku-koshinetsu/toyama/nantoshi/nanto-by-sakura-crea
いいオフィス,,SpemaBOX_金沢本町 by PaO,石川県,,,完全個室ブース,,,,いいオフィス公式サイト,https://e-office.space/spaces/hokuriku-koshinetsu/ishikawa/kanazawashi/spemaboxkanazawahonmachi-by-pao
いいオフィス,,七尾 by banco,石川県,,,完全個室ブース,,,,いいオフィス公式サイト,https://e-office.space/spaces/hokuriku-koshinetsu/ishikawa/nanaoshi/nanao-by-banco
いいオフィス,,鯖江 by SABAE CREATIVE COMMUNITY,福井県,,,個室ブース,,,,いいオフィス公式サイト,https://e-office.space/spaces/hokuriku-koshinetsu/fukui/sabaeshi/sabae-by-cc
いいオフィス,,甲斐竜王 by シェアオフィスBee,山梨県,,,完全個室ブース,,,,いいオフィス公式サイト,https://e-office.space/spaces/hokuriku-koshinetsu/yamanashi/kaishi/kairyuou-by-bee
いいオフィス,,上野原 by 見晴亭,山梨県,,,完全個室ブース,,,,いいオフィス公式サイト,https://e-office.space/spaces/hokuriku-koshinetsu/yamanashi/uenoharashi/uenohara-by-miharashitei
いいオフィス,,飯田 by Comes,長野県,,,完全個室ブース,,,,いいオフィス公式サイト,https://e-office.space/spaces/hokuriku-koshinetsu/nagano/iidashi/iida-by-comes
いいオフィス,,野沢温泉 by Share Space MAeDE,長野県,,,個室ブース,,,,いいオフィス公式サイト,https://e-office.space/spaces/hokuriku-koshinetsu/nagano/shimotakaigun/nozawaonsen-by-sharespacemaede
いいオフィス,,佐久軽井沢 by ホシノマチ団地,長野県,,,完全個室ブース,,,,いいオフィス公式サイト,https://e-office.space/spaces/hokuriku-koshinetsu/nagano/sakushi/karuizawa-by-hoshinomachi
いいオフィス,,養老 by YOROffice,gifu,,,完全個室ブース,,,,いいオフィス公式サイト,https://e-office.space/spaces/tokai-kinki/gifu/yorogun/yoro-by-yoroffice
いいオフィス,,カフェ・ド・クリエJR岐阜駅前 by CHATBOX,gifu,,,完全個室ブース,,,,いいオフィス公式サイト,https://e-office.space/spaces/tokai-kinki/gifu/gifushi/cafedecrie-jrgifuekimae-by-remoteworkbox
いいオフィス,,和歌山 by BE-EN,和歌山県,,,個室ブース,,,,いいオフィス公式サイト,https://e-office.space/spaces/tokai-kinki/wakayama/wakayamashi/wakayama-by-be-en
いいオフィス,,和歌山 by Office Cloud 9,和歌山県,,,完全個室ブース,,,,いいオフィス公式サイト,https://e-office.space/spaces/tokai-kinki/wakayama/nishimurogun/wakayama-by-officecloud9
いいオフィス,,近鉄四日市 by REMOTEBASE,三重県,,,個室ブース,,,,いいオフィス公式サイト,https://e-office.space/spaces/tokai-kinki/mie/yokkaichishi/yokkaichishi-by-remotebase
いいオフィス,,名張 by akeruto,三重県,,,完全個室ブース,,,,いいオフィス公式サイト,https://e-office.space/spaces/tokai-kinki/mie/nabarishi/nabari-by-akeruto
いいオフィス,,駿河 by CocoDe,静岡県,,,個室ブース,,,,いいオフィス公式サイト,https://e-office.space/spaces/tokai-kinki/shizuoka/shizuokashi/suruga-by-cocode
いいオフィス,,伊東 by work izu,静岡県,,,完全個室ブース,,,,いいオフィス公式サイト,https://e-office.space/spaces/tokai-kinki/shizuoka/itoshi/ito-by-workizu
いいオフィス,,星ヶ丘 by クリエイティブガレージ星が丘,愛知県,,,完全個室ブース,,,,いいオフィス公式サイト,https://e-office.space/spaces/tokai-kinki/aichi/nagoyashi/hoshigaoka-by-creativegarage
いいオフィス,,愛知大曽根 by BASE 大曽根,愛知県,,,完全個室ブース,,,,いいオフィス公式サイト,https://e-office.space/spaces/tokai-kinki/aichi/nagoyashi/ozone-by-base
いいオフィス,,ビズボ名駅桜通口 by PaO,愛知県,,,完全個室ブース,,,,いいオフィス公式サイト,https://e-office.space/spaces/tokai-kinki/aichi/nagoyashi/bizbomeiekisakuradoriguchi-by-pao
いいオフィス,,名古屋 by プロコワ,愛知県,,,完全個室ブース,,,,いいオフィス公式サイト,https://e-office.space/spaces/tokai-kinki/aichi/nagoyashi/nagoya-by-procowo
いいオフィス,,PRIME BOOTH栄・広小路本町 by PaO,愛知県,,,完全個室ブース,,,,いいオフィス公式サイト,https://e-office.space/spaces/tokai-kinki/aichi/nagoyashi/primeboothsakaehirokojihonmachi-by-pao
いいオフィス,,SKYLE by CHATBOX,愛知県,,,完全個室ブース,,,,いいオフィス公式サイト,https://e-office.space/spaces/tokai-kinki/aichi/nagoyashi/skyle-by-remoteworkbox
いいオフィス,,PRIME BOOTH名古屋駅太閤通口 by PaO,愛知県,,,完全個室ブース,,,,いいオフィス公式サイト,https://e-office.space/spaces/tokai-kinki/aichi/nagoyashi/primeboothnagoyaekitaikodoriguchi-by-pao
いいオフィス,,ビズボ栄駅前 by PaO,愛知県,,,完全個室ブース,,,,いいオフィス公式サイト,https://e-office.space/spaces/tokai-kinki/aichi/nagoyashi/bizbosakaeekimae-by-pao
いいオフィス,,PRIME BOOTH丸の内駅前 by PaO,愛知県,,,完全個室ブース,,,,いいオフィス公式サイト,https://e-office.space/spaces/tokai-kinki/aichi/nagoyashi/primeboothmarunouchiekimae-by-pao
いいオフィス,,PRIME BOOTH千種駅前 by PaO,愛知県,,,完全個室ブース,,,,いいオフィス公式サイト,https://e-office.space/spaces/tokai-kinki/aichi/nagoyashi/primeboothchikusaekimae-by-pao
いいオフィス,,PRIME BOOTH名古屋駅前 by PaO,愛知県,,,完全個室ブース,,,,いいオフィス公式サイト,https://e-office.space/spaces/tokai-kinki/aichi/nagoyashi/primeboothnagoyaekimae-by-pao
いいオフィス,,テレワーク@金山 by PaO,愛知県,,,完全個室ブース,,,,いいオフィス公式サイト,https://e-office.space/spaces/tokai-kinki/aichi/nagoyashi/teleworkkanayama-by-pao
いいオフィス,,PRIME BOOTH名古屋駅新幹線口 by PaO,愛知県,,,完全個室ブース,,,,いいオフィス公式サイト,https://e-office.space/spaces/tokai-kinki/aichi/nagoyashi/primeboothnagoyaekishinkansenguchi-by-pao
いいオフィス,,ミニマルワークスペース名古屋 by PaO,愛知県,,,完全個室ブース,,,,いいオフィス公式サイト,https://e-office.space/spaces/tokai-kinki/aichi/nagoyashi/minimalworkspacenagoya-by-pao
いいオフィス,,愛知一宮 by シェアブル一宮,愛知県,,,完全個室ブース,,,,いいオフィス公式サイト,https://e-office.space/spaces/tokai-kinki/aichi/ichinomiyashi/ichinomiya-by-share-blue
いいオフィス,,日進 by The BASE 日進竹の山,愛知県,,,完全個室ブース,,,,いいオフィス公式サイト,https://e-office.space/spaces/tokai-kinki/aichi/nisshinshi/nisshin-by-base
いいオフィス,,豊橋 by Trial Village,愛知県,,,個室ブース,,,,いいオフィス公式サイト,https://e-office.space/spaces/tokai-kinki/aichi/toyohashishi/toyohashi-by-trialvillage
いいオフィス,,豊鉄ターミナルビル by CHATBOX,愛知県,,,完全個室ブース,,,,いいオフィス公式サイト,https://e-office.space/spaces/tokai-kinki/aichi/toyohashishi/toyotetsuterminal-by-remoteworkbox
いいオフィス,,いいオフィス京都四条通,京都府,,,完全個室ブース,,,,いいオフィス公式サイト,https://e-office.space/spaces/tokai-kinki/kyoto/kyotoshi/kyotoshijodori-by-meganetop
いいオフィス,,烏丸 by oinai karasuma,京都府,,,個室ブース,,,,いいオフィス公式サイト,https://e-office.space/spaces/tokai-kinki/kyoto/kyotoshi/karasuma-by-oinai-karasuma
いいオフィス,,二条 by Jishuben Desk,京都府,,,個室ブース,,,,いいオフィス公式サイト,https://e-office.space/spaces/tokai-kinki/kyoto/kyotoshi/nijo-by-jishuben-desk
いいオフィス,,花園駅前 by THE LIMELIGHT,京都府,,,完全個室ブース,,,,いいオフィス公式サイト,https://e-office.space/spaces/tokai-kinki/kyoto/kyotoshi/hanazonoekimae-by-thelimelight
いいオフィス,,カフェ・ベローチェ烏丸蛸薬師 by CHATBOX,京都府,,,完全個室ブース,,,,いいオフィス公式サイト,https://e-office.space/spaces/tokai-kinki/kyoto/kyotoshi/caffeveloce-karasumadoritakoyakushi-by-remoteworkbox
いいオフィス,,SpemaBOX_京都駅 by Pao,京都府,,,完全個室ブース,,,,いいオフィス公式サイト,https://e-office.space/spaces/tokai-kinki/kyoto/kyotoshi/shushuworkkyotoeki-by-pao
いいオフィス,,ワークブース烏丸駅前 by PaO,京都府,,,完全個室ブース,,,,いいオフィス公式サイト,https://e-office.space/spaces/tokai-kinki/kyoto/kyotoshi/workboothkarasumaekimae-by-pao
いいオフィス,,天満橋 by OTEMAE space,大阪府,,,完全個室ブース,,,,いいオフィス公式サイト,https://e-office.space/spaces/tokai-kinki/osaka/osakashi/tenmabashi-otemaespace
いいオフィス,,堺筋本町 by THE DECK,大阪府,,,完全個室ブース,,,,いいオフィス公式サイト,https://e-office.space/spaces/tokai-kinki/osaka/osakashi/sakaisujihonmachi-by-thedeck
いいオフィス,,いいオフィス新大阪,大阪府,,,完全個室ブース,,,,いいオフィス公式サイト,https://e-office.space/spaces/tokai-kinki/osaka/osakashi/shinosaka-by-sobani
いいオフィス,,淀屋橋本町 by BRIDGEX workplace R.F.YAMAKAWA,大阪府,,,完全個室ブース,,,,いいオフィス公式サイト,https://e-office.space/spaces/tokai-kinki/osaka/osakashi/yodoyabashi-by-rf-yamakawa
いいオフィス,,蒲生四丁目 by OFFICE with U,大阪府,,,完全個室ブース,,,,いいオフィス公式サイト,https://e-office.space/spaces/tokai-kinki/osaka/osakashi/gamoyonchome-by-o-w-u
いいオフィス,,ヒトリボックス なんば駅前 by PaO,大阪府,,,完全個室ブース,,,,いいオフィス公式サイト,https://e-office.space/spaces/tokai-kinki/osaka/osakashi/hitoriboxnanbaekimae-by-pao
いいオフィス,,SpemaBOX_心斎橋 by Pao,大阪府,,,完全個室ブース,,,,いいオフィス公式サイト,https://e-office.space/spaces/tokai-kinki/osaka/osakashi/wakubakoshinsaibashi-by-pao
いいオフィス,,上本町MH WORK BOX by PaO,大阪府,,,完全個室ブース,,,,いいオフィス公式サイト,https://e-office.space/spaces/tokai-kinki/osaka/osakashi/uehonmachimhworkbox-by-pao
いいオフィス,,SpemaBOX_新大阪東口 by PaO,大阪府,,,完全個室ブース,,,,いいオフィス公式サイト,https://e-office.space/spaces/tokai-kinki/osaka/osakashi/soloworkshinosakahigashiguchi-by-pao
いいオフィス,,SpemaBOX_南森町 by PaO,大阪府,,,完全個室ブース,,,,いいオフィス公式サイト,https://e-office.space/spaces/tokai-kinki/osaka/osakashi/minimalworkspaceminamimorimachi-by-pao
いいオフィス,,ワークブース天六・天満 by PaO,大阪府,,,完全個室ブース,,,,いいオフィス公式サイト,https://e-office.space/spaces/tokai-kinki/osaka/osakashi/workboothtenrokutenma-by-pao
いいオフィス,,ワークブース本町駅前 by PaO,大阪府,,,完全個室ブース,,,,いいオフィス公式サイト,https://e-office.space/spaces/tokai-kinki/osaka/osakashi/workboothhonmachi-by-pao
いいオフィス,,ワークブース天王寺 by PaO,大阪府,,,完全個室ブース,,,,いいオフィス公式サイト,https://e-office.space/spaces/tokai-kinki/osaka/osakashi/workboothtennoji-by-pao
いいオフィス,,ワークブース南森町 by PaO,大阪府,,,完全個室ブース,,,,いいオフィス公式サイト,https://e-office.space/spaces/tokai-kinki/osaka/osakashi/workboothminamimorimachi-by-pao
いいオフィス,,Vileka_work近鉄日本橋 by PaO,大阪府,,,完全個室ブース,,,,いいオフィス公式サイト,https://e-office.space/spaces/tokai-kinki/osaka/osakashi/vilekaworkkintetsunihonbashi-by-pao
いいオフィス,,シュシュWork新大阪 by PaO,大阪府,,,完全個室ブース,,,,いいオフィス公式サイト,https://e-office.space/spaces/tokai-kinki/osaka/osakashi/shushuworkshinosaka-by-pao
いいオフィス,,PaO Work 新大阪 by PaO,大阪府,,,完全個室ブース,,,,いいオフィス公式サイト,https://e-office.space/spaces/tokai-kinki/osaka/osakashi/paoworkshinosaka-by-pao
いいオフィス,,ミニマルワークブース新大阪 by PaO,大阪府,,,完全個室ブース,,,,いいオフィス公式サイト,https://e-office.space/spaces/tokai-kinki/osaka/osakashi/minimalworkboothshinosaka-by-pao
いいオフィス,,大阪本町 by BAレンタルオフィス,大阪府,,,完全個室ブース,,,,いいオフィス公式サイト,https://e-office.space/spaces/tokai-kinki/osaka/osakashi/honmachi-by-ba
いいオフィス,,和泉府中 by LiveCoals,大阪府,,,個室ブース,,,,いいオフィス公式サイト,https://e-office.space/spaces/tokai-kinki/osaka/izumishi/izumifuchu-by-livecoals
いいオフィス,,枚方 by ビィーゴ,大阪府,,,完全個室ブース,,,,いいオフィス公式サイト,https://e-office.space/spaces/tokai-kinki/osaka/hirakatashi/hirakataby-be-go
いいオフィス,,天満 by ROUGH LABO TECH扇町,大阪府,,,個室ブース,,,,いいオフィス公式サイト,https://e-office.space/spaces/tokai-kinki/osaka/oasakashi/temma-by-roughlabotech
いいオフィス,,大阪堺 by オレンジワーク,大阪府,,,完全個室ブース,,,,いいオフィス公式サイト,https://e-office.space/spaces/tokai-kinki/osaka/sakaishi/sakai-by-orangework
いいオフィス,,ちょうどいい。CELL by CHATBOX,大阪府,,,完全個室ブース,,,,いいオフィス公式サイト,https://e-office.space/spaces/tokai-kinki/osaka/chuoku/chodoii-cell-by-remoteworkbox
いいオフィス,,貝塚 by ポートフォリオ,大阪府,,,完全個室ブース,,,,いいオフィス公式サイト,https://e-office.space/spaces/tokai-kinki/osaka/kaizukashi/kaizuka-by-portfolio
いいオフィス,,ワークブース茨木市駅前 by PaO,大阪府,,,完全個室ブース,,,,いいオフィス公式サイト,https://e-office.space/spaces/tokai-kinki/osaka/ibarakishi/workboothibarakishiekimae-by-pao
いいオフィス,,津雲台 by Community Lab.,大阪府,,,個室ブース,,,,いいオフィス公式サイト,https://e-office.space/spaces/tokai-kinki/osaka/suitashi/tsukumodai-by-communitylab
いいオフィス,,近鉄八尾駅前 by vision office Bee :,大阪府,,,完全個室ブース,,,,いいオフィス公式サイト,https://e-office.space/spaces/tokai-kinki/osaka/yaoshi/yao-by-visionofficebee
いいオフィス,,神戸六甲道 by E.R.NEXT,兵庫県,,,個室ブース,,,,いいオフィス公式サイト,https://e-office.space/spaces/tokai-kinki/hyogo/kobeshi/rokkomichi-by-ernext
いいオフィス,,三ノ宮駅前 by Yokoyama,兵庫県,,,完全個室ブース,,,,いいオフィス公式サイト,https://e-office.space/spaces/tokai-kinki/hyogo/kobeshi/sannomiya-by-yokoyama
いいオフィス,,神戸須磨 by MASU-p板宿,兵庫県,,,完全個室ブース,,,,いいオフィス公式サイト,https://e-office.space/spaces/tokai-kinki/hyogo/kobeshi/suma-by-masu-p
いいオフィス,,神戸駅前 by Suki_ma,兵庫県,,,完全個室ブース,,,,いいオフィス公式サイト,https://e-office.space/spaces/tokai-kinki/hyogo/kobeshi/kobeekimae-by-suki_ma
いいオフィス,,神戸 by KT-joy,兵庫県,,,個室ブース,,,,いいオフィス公式サイト,https://e-office.space/spaces/tokai-kinki/hyogo/kobeshi/kobe-by-kt-joy
いいオフィス,,神戸 by エリンサーブ,兵庫県,,,完全個室ブース,,,,いいオフィス公式サイト,https://e-office.space/spaces/tokai-kinki/hyogo/kobeshi/kobe-by-erinserve
いいオフィス,,ワークブース三ノ宮 by PaO,兵庫県,,,完全個室ブース,,,,いいオフィス公式サイト,https://e-office.space/spaces/tokai-kinki/hyogo/kobeshi/workboothsannomiya-by-pao
いいオフィス,,PaO Work 三ノ宮 by PaO,兵庫県,,,完全個室ブース,,,,いいオフィス公式サイト,https://e-office.space/spaces/tokai-kinki/hyogo/kobeshi/paoworksannomiya-by-pao
いいオフィス,,伊丹 by FLEXY ITAMI,兵庫県,,,個室ブース,,,,いいオフィス公式サイト,https://e-office.space/spaces/tokai-kinki/hyogo/itamishi/itami-by-flexy-itami
いいオフィス,,西宮北口 by アップ教育企画の自習室,兵庫県,,,完全個室ブース,,,,いいオフィス公式サイト,https://e-office.space/spaces/tokai-kinki/hyogo/nishinomiyashi/nishinomiya-by-up-jisyusitsu
いいオフィス,,阪急夙川 by KOWAKURA,兵庫県,,,完全個室ブース,,,,いいオフィス公式サイト,https://e-office.space/spaces/tokai-kinki/hyogo/nishinomiyashi/hankyushukugawa-by-kowakura
いいオフィス,,加古川 by SOLOTASU,兵庫県,,,完全個室ブース,,,,いいオフィス公式サイト,https://e-office.space/spaces/tokai-kinki/hyogo/kakogawashi/kakogawa-by-solotasu
いいオフィス,,畦野 by コワークス365うねの駅前店,兵庫県,,,完全個室ブース,,,,いいオフィス公式サイト,https://e-office.space/spaces/tokai-kinki/hyogo/kawanishishi/uneno-by-coworks365
いいオフィス,,ONLYONE TIMEOFFICE by PaO,兵庫県,,,完全個室ブース,,,,いいオフィス公式サイト,https://e-office.space/spaces/tokai-kinki/hyogo/kawanishishi/onlyonetimeoffice-by-pao
いいオフィス,,芦屋 by work and place,兵庫県,,,完全個室ブース,,,,いいオフィス公式サイト,https://e-office.space/spaces/tokai-kinki/hyogo/ashiyashi/ashiya-by-work-and-place
いいオフィス,,姫路 by コワーキングスペースmocco,兵庫県,,,完全個室ブース,,,,いいオフィス公式サイト,https://e-office.space/spaces/tokai-kinki/hyogo/himejishi/himeji-by-mocco
いいオフィス,,明石 by AreaDrive,兵庫県,,,完全個室ブース,,,,いいオフィス公式サイト,https://e-office.space/spaces/tokai-kinki/hyogo/akashishi/sanyoakashi-by-areadrive
いいオフィス,,丹波 by 木のコワーキングスペースMUKU,兵庫県,,,完全個室ブース,,,,いいオフィス公式サイト,https://e-office.space/spaces/tokai-kinki/hyogo/tambashi/tamba-by-muku
いいオフィス,,御所 by い居場所GOSE,奈良県,,,完全個室ブース,,,,いいオフィス公式サイト,https://e-office.space/spaces/tokai-kinki/nara/goseshi/gose-by-iibasho
いいオフィス,,奈良 by YAMATO BASE,奈良県,,,完全個室ブース,,,,いいオフィス公式サイト,https://e-office.space/spaces/tokai-kinki/nara/narashi/nara-by-yamatobase
いいオフィス,,王寺 by O-terrace,奈良県,,,完全個室ブース,,,,いいオフィス公式サイト,https://e-office.space/spaces/tokai-kinki/nara/kitakatsuragigun/oji-by-o-terrace
いいオフィス,,大和八木 by テレワークカプセル,奈良県,,,個室ブース,,,,いいオフィス公式サイト,https://e-office.space/spaces/tokai-kinki/nara/kashiharashi/yamatoyagi-by-teleworkcapsule
いいオフィス,,滋賀竜王 by KagamiForest,滋賀県,,,完全個室ブース,,,,いいオフィス公式サイト,https://e-office.space/spaces/tokai-kinki/shiga/gamogun/ryuoh-by-kagami-forest
いいオフィス,,滋賀草津 by SHIGA CONNECT,滋賀県,,,個室ブース,,,,いいオフィス公式サイト,https://e-office.space/spaces/tokai-kinki/shiga/kusatsushi/shiga-by-connect
いいオフィス,,宇部 by nido,山口県,,,完全個室ブース,,,,いいオフィス公式サイト,https://e-office.space/spaces/chugoku-shikoku/yamaguchi/ubeshi/ube-by-nido
いいオフィス,,高松 by サンプラット,香川県,,,完全個室ブース,,,,いいオフィス公式サイト,https://e-office.space/spaces/chugoku-shikoku/kagawa/takamatsushi/takamatsu-by-sunplat
いいオフィス,,倉吉 by SUIKO WORK CAMP,鳥取県,,,個室ブース,,,,いいオフィス公式サイト,https://e-office.space/spaces/chugoku-shikoku/tottori/kurayoshishi/kurayoshi-by-suikoworkcamp
いいオフィス,,鳥取砂丘 by SAND BOX TOTTORI,鳥取県,,,完全個室ブース,,,,いいオフィス公式サイト,https://e-office.space/spaces/chugoku-shikoku/tottori/tottorishi/tottorisakyu-by-sandbox
いいオフィス,,松江 by enun /  縁雲,島根県,,,完全個室ブース,,,,いいオフィス公式サイト,https://e-office.space/spaces/chugoku-shikoku/shimane/matsueshi/matsue-by-enun
いいオフィス,,岡山 by TOGITOGI,岡山県,,,個室ブース,,,,いいオフィス公式サイト,https://e-office.space/spaces/chugoku-shikoku/okayama/okayamashi/okayama-by-togitogi
いいオフィス,,PaO Work紙屋町駅東　野村不動産広島ビル by PaO,広島県,,,完全個室ブース,,,,いいオフィス公式サイト,https://e-office.space/spaces/chugoku-shikoku/hiroshima/hiroshimashi/paoworkkamiyachoekihigashi-by-pao
いいオフィス,,天神川 by UpStairs,広島県,,,完全個室ブース,,,,いいオフィス公式サイト,https://e-office.space/spaces/chugoku-shikoku/hiroshima/hiroshimashi/tenjingawa-by-upstairs
いいオフィス,,広島 by Seeds Co-work 広島駅前,広島県,,,完全個室ブース,,,,いいオフィス公式サイト,https://e-office.space/spaces/chugoku-shikoku/hiroshima/hiroshimashi/hiroshima-by-seeds
いいオフィス,,八丁堀 by Outsider,広島県,,,完全個室ブース,,,,いいオフィス公式サイト,https://e-office.space/spaces/chugoku-shikoku/hiroshima/nakaku/hatchobori-by-outsider
いいオフィス,,徳島 by リヴィング・ラボとくしま,徳島県,,,個室ブース,,,,いいオフィス公式サイト,https://e-office.space/spaces/chugoku-shikoku/tokushima/tokushimashi/tokushima-by-livinglab
いいオフィス,,松山 by COMOL 千舟町,愛媛県,,,完全個室ブース,,,,いいオフィス公式サイト,https://e-office.space/spaces/chugoku-shikoku/ehime/matsuyamashi/matsuyama-by-comol
いいオフィス,,福岡 by cenco,福岡県,,,個室ブース,,,,いいオフィス公式サイト,https://e-office.space/spaces/kyushu/fukuoka/fukuokashi/fukuoka-by-cenco
いいオフィス,,呉服町駅 by co-working gaz,福岡県,,,完全個室ブース,,,,いいオフィス公式サイト,https://e-office.space/spaces/kyushu/fukuoka/fukuokashi/gofukumachi-by-gaz
いいオフィス,,大名天神 by DESIGNITE R.F.YAMAKAWA,福岡県,,,完全個室ブース,,,,いいオフィス公式サイト,https://e-office.space/spaces/kyushu/fukuoka/fukuokashi/daimyotenjin-by-rf-yamakawa
いいオフィス,,千代県庁口 by CO-WORKING SALON四季のいろ,福岡県,,,完全個室ブース,,,,いいオフィス公式サイト,https://e-office.space/spaces/kyushu/fukuoka/fukuokashi/chiyokenchoguchi-by-salon
いいオフィス,,BIZ DESK 博多筑紫口 by PaO,福岡県,,,完全個室ブース,,,,いいオフィス公式サイト,https://e-office.space/spaces/kyushu/fukuoka/fukuokashi/bizdeskhakatachikushiguchi-by-pao
いいオフィス,,ワークブース天神 by PaO,福岡県,,,完全個室ブース,,,,いいオフィス公式サイト,https://e-office.space/spaces/kyushu/fukuoka/fukuokashi/workboothtenjin-by-pao
いいオフィス,,TKPガーデンシティ博多新幹線口 by CHATBOX,福岡県,,,完全個室ブース,,,,いいオフィス公式サイト,https://e-office.space/spaces/kyushu/fukuoka/fukuokashi/tkpgardencity-hakata-by-remoteworkbox
いいオフィス,,TKP天神スカイホール by CHATBOX,福岡県,,,完全個室ブース,,,,いいオフィス公式サイト,https://e-office.space/spaces/kyushu/fukuoka/fukuokashi/tkpskyhall-tenjin-by-remoteworkbox
いいオフィス,,ワークブース天神南 by PaO,福岡県,,,完全個室ブース,,,,いいオフィス公式サイト,https://e-office.space/spaces/kyushu/fukuoka/fukuokashi/workboothtenjinminami-by-pao
いいオフィス,,博多駅前個室ブース by PaO,福岡県,,,完全個室ブース,,,,いいオフィス公式サイト,https://e-office.space/spaces/kyushu/fukuoka/fukuokashi/hakataekimaekoshitsubooth-by-pao
いいオフィス,,ミニマルワークブース博多 by PaO,福岡県,,,完全個室ブース,,,,いいオフィス公式サイト,https://e-office.space/spaces/kyushu/fukuoka/fukuokashi/minimalworkboothhakata-by-pao
いいオフィス,,カフェ・ベローチェ博多大博通り by CHATBOX,福岡県,,,完全個室ブース,,,,いいオフィス公式サイト,https://e-office.space/spaces/kyushu/fukuoka/fukuokashi/caffeveloce-hakataodori-by-remoteworkbox
いいオフィス,,久留米 by Sincerely yours 久留米,福岡県,,,個室ブース,,,,いいオフィス公式サイト,https://e-office.space/spaces/kyushu/fukuoka/kurumeshi/kurume-by-sincerely-yours
いいオフィス,,駅前中央ビル by CHATBOX,福岡県,,,完全個室ブース,,,,いいオフィス公式サイト,https://e-office.space/spaces/kyushu/fukuoka/hukuokashi/ekimaechuoubiru-by-remoteworkbox
いいオフィス,,佐賀 by 音無てらす,佐賀県,,,個室ブース,,,,いいオフィス公式サイト,https://e-office.space/spaces/kyushu/saga/sagashi/saga-by-otonashi-terrace
いいオフィス,,雲仙 by H.U.B,長崎県,,,個室ブース,,,,いいオフィス公式サイト,https://e-office.space/spaces/kyushu/nagasaki/unzenshi/unzen-by-hub
いいオフィス,,壱岐 by 壱岐アイランドハブ,長崎県,,,完全個室ブース,,,,いいオフィス公式サイト,https://e-office.space/spaces/kyushu/nagasaki/ikishi/iki-by-iki-island-hub
いいオフィス,,天草 by パララボ天草,熊本県,,,完全個室ブース,,,,いいオフィス公式サイト,https://e-office.space/spaces/kyushu/kumamoto/amakusashi/amakusa-by-parallab
いいオフィス,,大分 by KATETE,大分県,,,個室ブース,,,,いいオフィス公式サイト,https://e-office.space/spaces/kyushu/oita/oitashi/oita-by-katete
いいオフィス,,大分 by Oita Co.Lab Lounge,大分県,,,個室ブース,,,,いいオフィス公式サイト,https://e-office.space/spaces/kyushu/oita/oitashi/oita-by-colab
いいオフィス,,大分 by ROOMROXY,大分県,,,完全個室ブース,,,,いいオフィス公式サイト,https://e-office.space/spaces/kyushu/oita/oitashi/oita-by-roomroxy
いいオフィス,,大分 by OITA MIDTOWN,大分県,,,個室ブース,,,,いいオフィス公式サイト,https://e-office.space/spaces/kyushu/oita/oitashi/oita-by-midtown
いいオフィス,,大分 by OWNSPACE,大分県,,,個室ブース,,,,いいオフィス公式サイト,https://e-office.space/spaces/kyushu/oita/oitashi/oita-by-ownspace
いいオフィス,,別府 by コモールカフェ別府,大分県,,,完全個室ブース,,,,いいオフィス公式サイト,https://e-office.space/spaces/kyushu/oita/beppushi/beppu-by-comallcafe
いいオフィス,,宮崎青島 by  TRIP BASE AOSHIMA,宮崎県,,,完全個室ブース,,,,いいオフィス公式サイト,https://e-office.space/spaces/kyushu/miyazaki/miyazakishi/aoshima-by-tripbase
いいオフィス,,鹿児島中央 by Cafe Banvina,鹿児島県,,,完全個室ブース,,,,いいオフィス公式サイト,https://e-office.space/spaces/kyushu/kagoshima/kagoshimashi/kagoshimachuo-by-banvina
いいオフィス,,奄美大島 by すこやか福祉センターHUB,鹿児島県,,,個室ブース,,,,いいオフィス公式サイト,https://e-office.space/spaces/kyushu/kagoshima/oshimagun/amamioshima-by-sukoyaka-welfare-hub
いいオフィス,,屋久島 by 屋久島サウスビレッジ,鹿児島県,,,個室ブース,,,,いいオフィス公式サイト,https://e-office.space/spaces/kyushu/kagoshima/kumagegun/yakushima-by-south
いいオフィス,,宜野湾 by MINA SHARE,沖縄県,,,完全個室ブース,,,,いいオフィス公式サイト,https://e-office.space/spaces/okinawa/okinawa/ginowanshi/ginowan-by-minashare
いいオフィス,,沖縄浦添 by つなぐ,沖縄県,,,完全個室ブース,,,,いいオフィス公式サイト,https://e-office.space/spaces/okinawa/okinawa/urasoeshi/urasoe-by-tsunagu
いいオフィス,,豊見城 by TOYOPLA,沖縄県,,,完全個室ブース,,,,いいオフィス公式サイト,https://e-office.space/spaces/okinawa/okinawa/tomigusukushi/tomigusuku-by-toyopla
いいオフィス,,沖縄 by KSA Works,沖縄県,,,完全個室ブース,,,,いいオフィス公式サイト,https://e-office.space/spaces/okinawa/okinawa/okinawashi/okinawa-by-ksaworks
いいオフィス,,安里 by コワーキングスペース78,沖縄県,,,完全個室ブース,,,,いいオフィス公式サイト,https://e-office.space/spaces/okinawa/okinawa/nahashi/asato-by-78
いいオフィス,,那覇 by MyPlace,沖縄県,,,完全個室ブース,,,,いいオフィス公式サイト,https://e-office.space/spaces/okinawa/okinawa/nahashi/naha-by-myplace
いいオフィス,,那覇 by SEASIR,沖縄県,,,完全個室ブース,,,,いいオフィス公式サイト,https://e-office.space/spaces/okinawa/okinawa/nahashi/naha-by-seasir
いいオフィス,,沖縄国頭 by やんばるパイナップルの丘　安波,沖縄県,,,完全個室ブース,,,,いいオフィス公式サイト,https://e-office.space/spaces/okinawa/okinawa/kunigamigun/kunigami-by-pineapple-hills
アクセアカフェ（BizSPOT）,株式会社アクセア,アクセアカフェ西新宿店,東京都,東京都新宿区西新宿7-12-3 西新宿佐藤ビル2F,新宿西口駅,東京メトロ丸ノ内線｢西新宿駅｣E8番出口より徒歩１分 都営大江戸線「新宿西口駅」D4出口より徒歩５分 ＪＲ、京王線、小田急線、都営大江戸線「新宿駅」西口出口より徒歩５分,24時間営業（年中無休） ※22:00～翌6:00まではBizSPOTアプリにて本人確認がお済みのお客様のみご利用いただけます。,個室ブースあり,15分50円〜,https://app.bizspot.ai/spot/coworking,https://app.bizspot.ai/spot/coworking/detail?id=3&area_id=13
アクセアカフェ（BizSPOT）,株式会社アクセア,アクセアカフェ本町店,大阪府,大阪府大阪市中央区南本町4-5-7 東亜ビル1F,本町駅,大阪メトロ御堂筋線・四ツ橋線・中央線「本町駅」17番出口より徒歩1分,24時間営業（年中無休） ※22:00～翌6:00まではBizSPOTアプリにて本人確認がお済みのお客様のみご利用いただけます。,個室ブースあり,15分50円〜,https://app.bizspot.ai/spot/coworking,https://app.bizspot.ai/spot/coworking/detail?id=14&area_id=27
アクセアカフェ（BizSPOT）,株式会社アクセア,アクセアカフェ那覇店,沖縄県,沖縄県那覇市久茂地2-8-7 久茂地ビル6F,県庁前駅,沖縄都市モノレール線（ゆいレール）「県庁前駅」より徒歩５分 沖縄都市モノレール線（ゆいレール）「美栄橋駅」より徒歩７分,24時間営業 ※22:00～翌6:00まではBizSPOTアプリにて本人確認がお済みのお客様のみご利用いただけます。,個室ブースあり,15分50円〜,https://app.bizspot.ai/spot/coworking,https://app.bizspot.ai/spot/coworking/detail?id=44&area_id=47
アクセアカフェ（BizSPOT）,株式会社アクセア,アクセアカフェ新大阪駅前店,大阪府,大阪府大阪市淀川区西中島5-11-10 第3中島ビル1F,西中島南方駅,大阪メトロ御堂筋線「西中島南方駅」より徒歩5分 阪急京都線「南方駅」より徒歩5分 ＪＲ「新大阪駅」より徒歩7分,24時間営業（夜間無人） ※22:00～翌6:00まではBizSPOTアプリにて本人確認がお済みのお客様のみご利用いただけます。,個室ブースあり,15分50円〜,https://app.bizspot.ai/spot/coworking,https://app.bizspot.ai/spot/coworking/detail?id=101&area_id=27
アクセアカフェ（BizSPOT）,株式会社アクセア,アクセアカフェ神田店,東京都,東京都千代田区神田須田町1-16-5 ヒューリック神田ビル1F,神田駅,東京メトロ 銀座線「神田駅」６番出口より徒歩１分 東京メトロ丸の内線「淡路町駅」Ａ１出口より徒歩５分 ＪＲ線「神田駅」北口より徒歩６分 ＪＲ線「秋葉原駅」南口より徒歩７分,平日24時間営業（月曜朝8時から土曜夜7時まで休まず営業）、日祝10:00～19:00（平日の祝前日は休まず営業） ※22:00～翌6:00まではBizSPOTアプリにて本人確認がお済みのお客様のみご利用いただけます。,個室ブースあり,15分50円〜,https://app.bizspot.ai/spot/coworking,https://app.bizspot.ai/spot/coworking/detail?id=103&area_id=13
アクセアカフェ（BizSPOT）,株式会社アクセア,アクセアカフェ千葉駅前店,千葉県,千葉県千葉市中央区富士見2-9-5 東京電力パワーグリッド（株）千葉総支社本館1F,千葉駅,ＪＲ「千葉駅」東口より徒歩５分 千葉都市モノレール「栄町駅」 みゆき通り・栄町東通り出口より徒歩５分 京成千葉線「京成千葉駅」東口より徒歩５分,平日 8:00～22:00 土日祝 10:00～19:00,個室ブースあり,15分50円〜,https://app.bizspot.ai/spot/coworking,https://app.bizspot.ai/spot/coworking/detail?id=104&area_id=12
アクセアカフェ（BizSPOT）,株式会社アクセア,アクセアカフェ高輪ゲートウェイ泉岳寺駅前店,東京都,東京都港区三田3-11-24 国際興業三田第2ビル1F,泉岳寺駅,京急、都営浅草線「泉岳寺駅」A4出口より徒歩1分 JR山手線「高輪ゲートウェイ駅」より徒歩8分,平日24時間営業（月曜朝8時から土曜夜7時まで休まず営業）、 土～19:00、日祝 10:00～19:00（平日の祝前日は休まず営業）,個室ブースあり,15分50円〜,https://app.bizspot.ai/spot/coworking,https://app.bizspot.ai/spot/coworking/detail?id=113&area_id=13
アクセアカフェ（BizSPOT）,株式会社アクセア,アクセアカフェ渋谷店,東京都,東京都渋谷区渋谷3-11-11 IVYイーストビル2F,,JR｢渋谷駅｣新南口より徒歩3分 東京メトロ半蔵門線・副都心線、東急東横線・田園都市線｢渋谷駅｣C1、C2出口より徒歩2分 京王井の頭線｢渋谷駅｣改札出口より徒歩7分 東京メトロ銀座線｢渋谷駅｣改札出口よりヒカリエ方面徒歩7分,24時間営業（年中無休） ※22:00～翌6:00まではBizSPOTアプリにて本人確認がお済みのお客様のみご利用いただけます。,個室ブースあり,15分50円〜,https://app.bizspot.ai/spot/coworking,https://app.bizspot.ai/spot/coworking/detail?id=118&area_id=13
アクセアカフェ（BizSPOT）,株式会社アクセア,アクセアカフェ名古屋駅前広小路通り店,愛知県,愛知県名古屋市中村区名駅南1-17-29 広小路ESビル1F,名古屋駅,地下鉄東山線、桜通線「名古屋駅」ミヤコ地下街4番出口より徒歩2分 JR線、名鉄線、近鉄線、あおなみ線「名古屋駅」桜通口より徒歩10分,24時間営業（年中無休） ※22:00～翌6:00まではBizSPOTアプリにて本人確認がお済みのお客様のみご利用いただけます。,個室ブースあり,15分50円〜,https://app.bizspot.ai/spot/coworking,https://app.bizspot.ai/spot/coworking/detail?id=128&area_id=23
アクセアカフェ（BizSPOT）,株式会社アクセア,アクセアカフェ小伝馬町店,東京都,東京都中央区日本橋小伝馬町12-5 小伝馬町YSビル1F,,東京メトロ日比谷線 / 小伝馬町駅 徒歩1分 都営新宿線 / 馬喰横山駅 徒歩6分 JR総武本線 / 馬喰町駅 徒歩6分 JR総武本線 / 新日本橋駅 徒歩7分 東京メトロ日比谷線 / 人形町駅 徒歩10分 都営浅草線 / 東日本橋駅 徒歩10分,平日8:00〜22:00、土 8:00〜19:00 日曜日の挨拶 10:00～19:00,個室ブースあり,15分50円〜,https://app.bizspot.ai/spot/coworking,https://app.bizspot.ai/spot/coworking/detail?id=131&area_id=13
アクセアカフェ（BizSPOT）,株式会社アクセア,アクセアカフェ大手町店,東京都,東京都千代田区内神田2-2-6 田中ビル1F,神田駅,JR「神田駅」西口より徒歩7分 東京メトロ丸ノ内線、半蔵門線「大手町駅」A2番出口より徒歩3分,平日・土日祝 8:00〜22:00  ※平日20時以降、トイレのご使用ができません。,個室ブースあり,15分50円〜,https://app.bizspot.ai/spot/coworking,https://app.bizspot.ai/spot/coworking/detail?id=134&area_id=13
アクセアカフェ（BizSPOT）,株式会社アクセア,アクセアカフェ梅田店,大阪府,大阪府大阪市北区曽根崎2-5-10 梅田パシフィックビルディング1F,梅田駅,大阪メトロ御堂筋線「梅田駅」、谷町線「東梅田駅」７番出口（地下街H-82）より徒歩２分 JR「大阪駅」中央改札口より徒歩９分 JR「北新地駅」地下街F-85出口より徒歩１分,24時間営業（年中無休・夜間無人） ※22:00～翌6:00まではBizSPOTアプリにて本人確認がお済みのお客様のみご利用いただけます。,個室ブースあり,15分50円〜,https://app.bizspot.ai/spot/coworking,https://app.bizspot.ai/spot/coworking/detail?id=136&area_id=27
アクセアカフェ（BizSPOT）,株式会社アクセア,アクセアカフェ小川町店,東京都,東京都千代田区神田小川町2-2-2 小川町B5ビル7F,小川町駅,都営新宿線「小川町駅」、丸の内線「淡路町駅」、千代田線「新御茶ノ水駅」B5番出口よりすぐ,平日8:00～22:00 土日祝 10:00～19:00,個室ブースあり,15分50円〜,https://app.bizspot.ai/spot/coworking,https://app.bizspot.ai/spot/coworking/detail?id=140&area_id=13
アクセアカフェ（BizSPOT）,株式会社アクセア,アクセアカフェ外苑前店,東京都,東京都港区北青山2-7-9 日昭ビル1F,外苑前駅,東京メトロ銀座線「外苑前駅」2番、3番、4a番、4b番出口より徒歩1分,24時間営業（年中無休） ※22:00～翌6:00まではBizSPOTアプリにて本人確認がお済みのお客様のみご利用いただけます。,個室ブースあり,15分50円〜,https://app.bizspot.ai/spot/coworking,https://app.bizspot.ai/spot/coworking/detail?id=141&area_id=13
アクセアカフェ（BizSPOT）,株式会社アクセア,アクセアカフェ南海なんば駅店,大阪府,大阪府大阪市中央区難波5-1-60 南海なんばターミナルビル なんばCITY本館2F,なんば駅,南海電車「なんば駅」2階中央改札口を出てすぐ 大阪メトロ御堂筋線「なんば駅」南南改札口より徒歩3分 大阪メトロ千日前線「なんば駅」東改札口より徒歩5分,平日8:00～22:00、土日祝9:00～21:00,個室ブースあり,15分50円〜,https://app.bizspot.ai/spot/coworking,https://app.bizspot.ai/spot/coworking/detail?id=149&area_id=27
アクセアカフェ（BizSPOT）,株式会社アクセア,アクセアカフェ鹿児島中央店,鹿児島県,鹿児島県鹿児島市中央町11 鹿児島中央ターミナルビル1F,鹿児島中央駅,JR線・九州新幹線「鹿児島中央駅」東口より徒歩2分  鹿児島市電「鹿児島中央駅前停留場」より徒歩2分,平日9:00〜21:00、土日祝9:00〜19:00,個室ブースあり,15分50円〜,https://app.bizspot.ai/spot/coworking,https://app.bizspot.ai/spot/coworking/detail?id=150&area_id=46
アクセアカフェ（BizSPOT）,株式会社アクセア,アクセアカフェ赤坂見附店,東京都,東京都港区赤坂3-4-3 赤坂マカベビル1F,赤坂駅,東京メトロ千代田線「赤坂駅」1番・2番出口より徒歩4分 東京メトロ丸ノ内線・銀座線「赤坂見附駅」10番出口より徒歩5分 東京メトロ「溜池山王駅」10番出口より徒歩5分,24時間営業（年中無休・夜間無人） ※22:00～翌6:00まではBizSPOTアプリにて本人確認がお済みのお客様のみご利用いただけます。,個室ブースあり,15分50円〜,https://app.bizspot.ai/spot/coworking,https://app.bizspot.ai/spot/coworking/detail?id=156&area_id=13
アクセアカフェ（BizSPOT）,株式会社アクセア,アクセアカフェ神保町店,東京都,東京都千代田区神保町1-10 角谷ビル　2F,神保町駅,東京メトロ半蔵門線、都営新宿線、都営三田線「神保町駅」A5出口よりすぐ,24時間営業 ※22:00～翌6:00まではBizSPOTアプリにて本人確認がお済みのお客様のみご利用いただけます。,個室ブースあり,15分50円〜,https://app.bizspot.ai/spot/coworking,https://app.bizspot.ai/spot/coworking/detail?id=159&area_id=13
アクセアカフェ（BizSPOT）,株式会社アクセア,アクセアカフェ金沢香林坊店,石川県,石川県金沢市香林坊1-2-24 香林坊プラザ2F,,JR金沢駅東口バス乗り場3番、8から10番のバスに乗車、「香林坊」バス停下車 徒歩2分（乗車9分）,平日 10:00～19:00 土日祝 定休日,個室ブースあり,15分50円〜,https://app.bizspot.ai/spot/coworking,https://app.bizspot.ai/spot/coworking/detail?id=160&area_id=17
アクセアカフェ（BizSPOT）,株式会社アクセア,アクセアカフェ新宿南口店,東京都,東京都新宿区西新宿3-1-4 第2佐山ビル1Ｆ,新宿駅,JR、京王線、小田急線、都営大江戸線「新宿駅」南口より徒歩7分,24時間営業（土日祝は夜間無人） ※22:00～翌6:00まではBizSPOTアプリにて本人確認がお済みのお客様のみご利用いただけます。,個室ブースあり,15分50円〜,https://app.bizspot.ai/spot/coworking,https://app.bizspot.ai/spot/coworking/detail?id=161&area_id=13
アクセアカフェ（BizSPOT）,株式会社アクセア,アクセアカフェ馬喰町店,東京都,東京都中央区日本橋馬喰町1-6-3 吉野第一ビル1F,馬喰横山駅,都営新宿線「馬喰横山駅」A1出口より徒歩1分 JR「馬喰町駅」1番出口より徒歩1分 都営浅草線「東日本橋駅」B2出口より徒歩5分,24時間営業 ※22:00～翌6:00まではBizSPOTアプリにて本人確認がお済みのお客様のみご利用いただけます。,個室ブースあり,15分50円〜,https://app.bizspot.ai/spot/coworking,https://app.bizspot.ai/spot/coworking/detail?id=163&area_id=13
アクセアカフェ（BizSPOT）,株式会社アクセア,アクセアカフェ田町店,東京都,東京都港区三田3-1-11 エック三田ビル2F,田町駅,●JR「田町駅」西口（三田口）より徒歩5分 ●都営三田線・都営浅草線「三田駅」A3番出口より徒歩5分,24時間営業（年中無休） ※22:00～翌6:00まではBizSPOTアプリにて本人確認がお済みのお客様のみご利用いただけます。,個室ブースあり,15分50円〜,https://app.bizspot.ai/spot/coworking,https://app.bizspot.ai/spot/coworking/detail?id=168&area_id=13
アクセアカフェ（BizSPOT）,株式会社アクセア,アクセアカフェ札幌アスティ45店,北海道,北海道札幌市中央区北４条西5-1 地下1階,さっぽろ駅,地下鉄「さっぽろ駅」3番・6番出口より徒歩3分 JR「札幌駅」南口出口から徒歩5分,平日 9:00～20:00、土日祝 9:00～18:00,個室ブースあり,15分50円〜,https://app.bizspot.ai/spot/coworking,https://app.bizspot.ai/spot/coworking/detail?id=169&area_id=1
アクセアカフェ（BizSPOT）,株式会社アクセア,アクセアカフェ博多駅前店,福岡県,福岡県福岡市博多区博多駅前3-27-22 ガーデン博多駅前ビル1階,博多駅,●JR「博多駅」博多口より徒歩６分 ●地下鉄空港線「博多駅」西18番出口より徒歩６分 ●地下鉄七隈線「櫛田神社前駅」5・6・7番出口より徒歩4分,平日8:00〜22:00 土日祝10:00〜19:00 ※店舗と営業時間が違うのでお気をつけください。,個室ブースあり,15分50円〜,https://app.bizspot.ai/spot/coworking,https://app.bizspot.ai/spot/coworking/detail?id=171&area_id=40
アクセアカフェ（BizSPOT）,株式会社アクセア,アクセアカフェ甲府昭和店,山梨県,山梨県中巨摩郡昭和町西条5198,国母駅,JR身延線「国母駅」から車で7分  イトーヨーカドー甲府昭和店向かい 中央自動車道 甲府昭和ICより車で5分 無料駐車場完備,月～金曜 10:00～19:00 土日祝 定休日,個室ブースあり,15分50円〜,https://app.bizspot.ai/spot/coworking,https://app.bizspot.ai/spot/coworking/detail?id=172&area_id=19
アクセアカフェ（BizSPOT）,株式会社アクセア,アクセアカフェエキマルシェ大阪店,大阪府,大阪府大阪市北区梅田3-1-1 大阪駅エキマルシェ大阪,大阪駅,●ＪＲ「大阪駅」中央口よりルクア1100方面へ徒歩２分 ●「ルクア1100」1F南側入口の向かい側 ●JR西日本 忘れ物センターの右側,平日8:00～22:00、土日祝10:00～20:00,個室ブースあり,15分50円〜,https://app.bizspot.ai/spot/coworking,https://app.bizspot.ai/spot/coworking/detail?id=173&area_id=27
アクセアカフェ（BizSPOT）,株式会社アクセア,アクセアカフェ心斎橋店,大阪府,大阪府大阪市中央区南船場4-4-3 心斎橋東急ビル4F,心斎橋駅,地下鉄御堂筋線・長堀鶴見緑地線「心斎橋駅」3番出口直結,平日・土日祝 7:30～22:00,個室ブースあり,15分50円〜,https://app.bizspot.ai/spot/coworking,https://app.bizspot.ai/spot/coworking/detail?id=174&area_id=27
アクセアカフェ（BizSPOT）,株式会社アクセア,アクセアカフェ溜池山王店,東京都,東京都港区赤坂1-3-3 T-FRONTビル1F,溜池山王駅,東京メトロ銀座線・南北線「溜池山王駅」9番出口より徒歩4分,平日 8:00～22:00 土日祝 定休日,個室ブースあり,15分50円〜,https://app.bizspot.ai/spot/coworking,https://app.bizspot.ai/spot/coworking/detail?id=201&area_id=13
アクセアカフェ（BizSPOT）,株式会社アクセア,アクセアカフェ東京駅八重洲店,東京都,東京都中央区日本橋3-4-15 八重洲通ビルヂング1F,東京駅,●JR・東京メトロ「東京駅」より徒歩3分 ●東京メトロ「京橋駅」徒歩5分 ●東京メトロ・都営地下鉄「日本橋駅」徒歩5分,24時間営業 （土日祝日も休まず営業） ※22:00～翌6:00まではBizSPOTアプリにて本人確認がお済みのお客様のみご利用いただけます。,個室ブースあり,15分50円〜,https://app.bizspot.ai/spot/coworking,https://app.bizspot.ai/spot/coworking/detail?id=352&area_id=13
アクセアカフェ（BizSPOT）,株式会社アクセア,アクセアカフェ水道橋店,東京都,東京都千代田区神田三崎町2-9-18 TDCビル1階,水道橋駅,JR「水道橋駅」東口より徒歩1分 都営三田線「水道橋駅」A2番出口より徒歩3分,平日8:00～22:00 土日・祝10:00～19:00,個室ブースあり,15分50円〜,https://app.bizspot.ai/spot/coworking,https://app.bizspot.ai/spot/coworking/detail?id=401&area_id=13
アクセアカフェ（BizSPOT）,株式会社アクセア,アクセアカフェ新御徒町店,東京都,東京都台東区元浅草1-1-1 ヒューリック新御徒町ビル1F,新御徒町駅,都営大江戸線、つくばエクスプレス「新御徒町駅」A4出口から徒歩約2分,平日 9:00〜20:00 土日祝 定休日,個室ブースあり,15分50円〜,https://app.bizspot.ai/spot/coworking,https://app.bizspot.ai/spot/coworking/detail?id=629&area_id=13
アクセアカフェ（BizSPOT）,株式会社アクセア,アクセアカフェ広島紙屋町店,広島県,広島県広島市中区基町13-9 東洋証券広島スクエア1階,,●広電2系統(宮島線)「立町」徒歩1分 ●広電1系統(宇品線)「八丁堀」徒歩2分 ●広電1系統(宇品線)「紙屋町東」徒歩4分,平日24時間営業（月曜朝8時から土曜夜7時まで休まず営業） 土～19:00、日祝10:00～19:00（平日の祝前日は休まず営業） ※22:00～翌6:00まではBizSPOTアプリにて本人確認がお済みのお客様のみご利用いただけます。,個室ブースあり,15分50円〜,https://app.bizspot.ai/spot/coworking,https://app.bizspot.ai/spot/coworking/detail?id=684&area_id=34
アクセアカフェ（BizSPOT）,株式会社アクセア,アクセアカフェ水天宮前店,東京都,東京都中央区日本橋蛎殻町1-29-5 ウィンド水天宮ビル1F,,,平日9:00〜20:00、土日祝　定休日,個室ブースあり,15分50円〜,https://app.bizspot.ai/spot/coworking,https://app.bizspot.ai/spot/coworking/detail?id=698&area_id=13
アクセアカフェ（BizSPOT）,株式会社アクセア,アクセアカフェ泉佐野駅店,大阪府,大阪府泉佐野市上町3-11-41 ショップ南海泉佐野1階,泉佐野駅,●南海電車「泉佐野駅」改札出てすぐ,【通常営業時間】 平日8:00～20:00、土 10:00〜19:00 日祝　定休日,個室ブースあり,15分50円〜,https://app.bizspot.ai/spot/coworking,https://app.bizspot.ai/spot/coworking/detail?id=700&area_id=27
アクセアカフェ（BizSPOT）,株式会社アクセア,アクセアカフェ仙台駅前店,宮城県,宮城県仙台市青葉区中央3-1-23 青葉通大山ビル1・2F,あおば通駅,●JR仙石線「あおば通駅」北出口2よりすぐ ●JR「仙台駅」より徒歩5分 ●地下鉄南北線「仙台駅」より徒歩3分,24時間営業（年中無休） ※22:00～翌6:00まではBizSPOTアプリにて本人確認がお済みのお客様のみご利用いただけます。,個室ブースあり,15分50円〜,https://app.bizspot.ai/spot/coworking,https://app.bizspot.ai/spot/coworking/detail?id=720&area_id=4
アクセアカフェ（BizSPOT）,株式会社アクセア,アクセア海浜幕張店 個室ブース1,千葉県,千葉県千葉市美浜区中瀬2-6-1 ワールドビジネスガーデンマリブウェスト2F,海浜幕張駅,●JR「海浜幕張駅」南口より徒歩2分,平日8:00〜22:00 土日祝9:00〜19:00,個室ブースあり,15分50円〜,https://app.bizspot.ai/spot/coworking,https://app.bizspot.ai/spot/coworking/detail?id=724&area_id=12
アクセアカフェ（BizSPOT）,株式会社アクセア,アクセア海浜幕張店 個室ブース2,千葉県,千葉県千葉市美浜区中瀬2-6-1 ワールドビジネスガーデンマリブウェスト2F,海浜幕張駅,●JR「海浜幕張駅」南口より徒歩2分,平日8:00〜22:00 土日祝9:00〜19:00,個室ブースあり,15分50円〜,https://app.bizspot.ai/spot/coworking,https://app.bizspot.ai/spot/coworking/detail?id=725&area_id=12
アクセアカフェ（BizSPOT）,株式会社アクセア,アクセアカフェ神戸元町店,兵庫県,兵庫県神戸市中央区宮町3丁目9番20号 南泰ビルディング1F,,・JR神戸線「元町」駅より徒歩3分 ・神戸市営地下鉄海岸線「旧居留地・大丸前」駅より徒歩2分,平日：   9:00～21:00 　土：10:00～19:00  日祝：定休日,個室ブースあり,15分50円〜,https://app.bizspot.ai/spot/coworking,https://app.bizspot.ai/spot/coworking/detail?id=736&area_id=28
アクセアカフェ（BizSPOT）,株式会社アクセア,アクセアカフェ麹町店,東京都,東京都千代田区麹町2-4-11 麹町スクエアプラザ1F,麹町駅,●東京メトロ有楽町線「麹町駅」１番・３番出口より徒歩３分 ●東京メトロ半蔵門線「半蔵門駅」３ａ番出口より徒歩３分,24時間営業（年中無休）  ※22:00～翌6:00まではBizSPOTアプリにて本人確認がお済みのお客様のみご利用いただけます。,個室ブースあり,15分50円〜,https://app.bizspot.ai/spot/coworking,https://app.bizspot.ai/spot/coworking/detail?id=737&area_id=13
アクセアカフェ（BizSPOT）,株式会社アクセア,アクセアカフェ宜野湾店,沖縄県,沖縄県宜野湾市大山4-3-1　※駐車場8台分あり,,,平日9:00～20:00、 土日祝休み,個室ブースあり,15分50円〜,https://app.bizspot.ai/spot/coworking,https://app.bizspot.ai/spot/coworking/detail?id=752&area_id=47
アクセアカフェ（BizSPOT）,株式会社アクセア,アクセアカフェ川崎ソリッドスクエア店,神奈川県,神奈川県川崎市幸区堀川町５８０番地 ソリッドスクエア西館1F,,●JR川崎駅より徒歩5分 ●京急急行京急川崎駅より徒歩3分,平日 9:00～20:00 土10:00～19:00、日祝休み,個室ブースあり,15分50円〜,https://app.bizspot.ai/spot/coworking,https://app.bizspot.ai/spot/coworking/detail?id=755&area_id=14
アクセアカフェ（BizSPOT）,株式会社アクセア,アクセアカフェ宮崎駅店,宮崎県,宮崎県宮崎市錦町1番8号 アミュプラザみやざき　ひむかきらめき市場,宮崎駅,●JR日豊本線、日南線「宮崎駅」直結　ひむか きらめき市場内,平日8:00〜20:00、土日祝9:00〜19:00,個室ブースあり,15分50円〜,https://app.bizspot.ai/spot/coworking,https://app.bizspot.ai/spot/coworking/detail?id=757&area_id=45
アクセアカフェ（BizSPOT）,株式会社アクセア,アクセアカフェ内神田店,東京都,東京都千代田区内神田1丁目11-10 コハラビル本館１F,,・東京メトロ丸ノ内線 淡路町駅 5分 ・JR山手線 神田駅 6分 ・東京メトロ丸ノ内線 大手町駅 6分,平　　日　8:00-22:00 土日祝日　8:00-22:00 ※有人時間は平日9:30～17:30となります。  時間外(アクセア神田店)：03-3258-0881,個室ブースあり,15分50円〜,https://app.bizspot.ai/spot/coworking,https://app.bizspot.ai/spot/coworking/detail?id=770&area_id=13
アクセアカフェ（BizSPOT）,株式会社アクセア,アクセアカフェ栄店,愛知県,愛知県名古屋市中区栄4-6-1 アルティメイト東新町1F,栄駅,地下鉄東山線・名城線「栄駅」12番出口より徒歩５分,平日8:00～22:00、土日祝10:00～19:00,個室ブースあり,15分50円〜,https://app.bizspot.ai/spot/coworking,https://app.bizspot.ai/spot/coworking/detail?id=842&area_id=23
アクセアカフェ（BizSPOT）,株式会社アクセア,アクセアカフェ新横浜店,神奈川県,神奈川県横浜市港北区新横浜3-20-16 パリスコート1階,新横浜駅,●横浜市営地下鉄ブルーライン「新横浜駅」7番、8番、10番出口より徒歩4分 ●相鉄新横浜線、東急新横浜線「新横浜駅」7番、8番、10番出口より徒歩4分 ●JR横浜線、東海道新幹線「新横浜駅」北口より徒歩8分,平日9:00～20:00 土日祝10:00～19:00,個室ブースあり,15分50円〜,https://app.bizspot.ai/spot/coworking,https://app.bizspot.ai/spot/coworking/detail?id=851&area_id=14
アクセアカフェ（BizSPOT）,株式会社アクセア,アクセアカフェ堂島店,大阪府,大阪府大阪市北区堂島2-1-2 中村屋ビル1F,西梅田駅,●大阪メトロ四つ橋線「西梅田駅」徒歩６分 ●ＪＲ東西線「北新地駅」より徒歩４分 ●ＪＲ大阪環状線「大阪駅」より徒歩９分 ※各駅からドーチカ地下街を通ってC-93出口あがってすぐ,平日24時間営業（月曜朝8時から土曜夜19時まで休まず営業） 土曜日 19:00、日曜日 10:00～19:00 ※22:00～翌6:00まではBizSPOTアプリにて本人確認がお済みのお客様のみご利用いただけます。,個室ブースあり,15分50円〜,https://app.bizspot.ai/spot/coworking,https://app.bizspot.ai/spot/coworking/detail?id=856&area_id=27
アクセアカフェ（BizSPOT）,株式会社アクセア,アクセアカフェ八丁堀店,東京都,東京都中央区八丁堀4-9-13 RBM八丁堀駅前ビル1階,八丁堀駅,●東京メトロ 日比谷線「八丁堀駅」 A2出口よりすぐ ●JR京葉線「八丁堀駅」A2出口よりすぐ,平日8:00〜20:00、土日祝休み,個室ブースあり,15分50円〜,https://app.bizspot.ai/spot/coworking,https://app.bizspot.ai/spot/coworking/detail?id=858&area_id=13
アクセアカフェ（BizSPOT）,株式会社アクセア,アクセアカフェ新橋駅銀座口店,東京都,東京都港区新橋2-18 第3光和ビル3F,新橋駅,●JR「新橋駅」銀座口よりすぐ ●東京メトロ銀座線「新橋駅」6番出口よりすぐ ●都営浅草線「新橋駅」6番出口よりすぐ ●都営大江戸線「汐留駅」汐留口より徒歩1分 ●ゆりかもめ「新橋駅」1A出口より徒歩3分,平日8:00～翌6:00 土日祝10:00～19:00,個室ブースあり,15分50円〜,https://app.bizspot.ai/spot/coworking,https://app.bizspot.ai/spot/coworking/detail?id=895&area_id=13
アクセアカフェ（BizSPOT）,株式会社アクセア,アクセアカフェ品川プリンスホテル店,東京都,東京都港区高輪4-10-30 品川プリンスホテルアネックスタワー2F,品川駅,●JR、京急線「品川駅」高輪口より徒歩2分,全日10:00～20:00,個室ブースあり,15分50円〜,https://app.bizspot.ai/spot/coworking,https://app.bizspot.ai/spot/coworking/detail?id=897&area_id=13
アクセアカフェ（BizSPOT）,株式会社アクセア,アクセアカフェ盛岡フェザン店,岩手県,岩手県盛岡市盛岡駅前通1-44 盛岡駅ビルフェザンテラス1F,,●JR盛岡駅より徒歩１分,平日、土日祝　9:00～20:00,個室ブースあり,15分50円〜,https://app.bizspot.ai/spot/coworking,https://app.bizspot.ai/spot/coworking/detail?id=899&area_id=3
アクセアカフェ（BizSPOT）,株式会社アクセア,アクセアカフェOBPツイン21店,大阪府,大阪府大阪市中央区城見2-1-61 OBPツイン21ギャラリー2F,大阪ビジネスパーク駅,●大阪メトロ長堀鶴見緑地線「大阪ビジネスパーク駅」4番出口より徒歩4分 ●JR東西線「大阪城北詰駅」1番出口より徒歩7分 ●JR「京橋駅」南口より徒歩10分 ●京阪「京橋駅」大阪城京橋プロムナード経由で徒歩10分,平日8:00〜20:00、土日祝10:00～19:00,個室ブースあり,15分50円〜,https://app.bizspot.ai/spot/coworking,https://app.bizspot.ai/spot/coworking/detail?id=901&area_id=27
アクセアカフェ（BizSPOT）,株式会社アクセア,アクセアカフェ渋谷センター街店,東京都,東京都渋谷区宇田川町24-4 センター244ビル 3F,渋谷駅,●JR「渋谷駅」ハチ公口より徒歩3分 ●東京メトロ半蔵門線・副都心線、東急田園都市線・東横線「渋谷駅」A6a、A6b出口より徒歩約2分 ●東京メトロ銀座線「渋谷駅」徒歩約2分 ●京王井の頭線「渋谷駅」中央口より徒歩約3分,平日9:00〜22:00、土日祝10:00〜19:00,個室ブースあり,15分50円〜,https://app.bizspot.ai/spot/coworking,https://app.bizspot.ai/spot/coworking/detail?id=919&area_id=13
アクセアカフェ（BizSPOT）,株式会社アクセア,アクセアカフェ永田町店,東京都,東京都千代田区永田町1-11-32 全国町村会館西館1F,永田町駅,●東京メトロ 有楽町線・半蔵門線・南北線「永田町駅」3番出口より 徒歩1分,「営業時間」 平日8:00～21:00 土日祝　定休日  清潔で快適な空間にて 皆様のご利用お待ちしております。,個室ブースあり,15分50円〜,https://app.bizspot.ai/spot/coworking,https://app.bizspot.ai/spot/coworking/detail?id=921&area_id=13
アクセアカフェ（BizSPOT）,株式会社アクセア,アクセアカフェ五反田店,東京都,東京都品川区西五反田1丁目-24-4 タキゲンビル２F,五反田駅,●ＪＲ山手線「五反田駅」西口より徒歩４分 ●東急池上線「大崎広小路駅」より徒歩３分 ●東急池上線「五反田駅」直結出口レミィ五反田１F より徒歩５分 ●都営浅草線「五反田駅」Ａ１出口より徒歩３分,24時間営業（年中無休）,個室ブースあり,15分50円〜,https://app.bizspot.ai/spot/coworking,https://app.bizspot.ai/spot/coworking/detail?id=924&area_id=13
アクセアカフェ（BizSPOT）,株式会社アクセア,アクセアカフェコンセプトビル東神田店,東京都,東京都千代田区東神田１丁目１５−９ セントピア東神田ビル,馬喰町駅,●JR線「馬喰町駅」C5番出口から徒歩1分 ●JR線「浅草橋駅」西口から徒歩6分 ●都営新宿線「馬喰横山駅」A1出口から徒歩6分,平日・土日祝 9:00～20:00  【お客様各位】 防災設備点検の為、下記日時で休業致します。 6月30日（火）終日 お客様にはご迷惑をおかけいたしますが、何卒ご理解賜りますようお願い申し上げます,個室ブースあり,15分50円〜,https://app.bizspot.ai/spot/coworking,https://app.bizspot.ai/spot/coworking/detail?id=936&area_id=13
アクセアカフェ（BizSPOT）,株式会社アクセア,アクセアカフェ吉祥寺店,東京都,東京都武蔵野市吉祥寺南町1-10-1 東ビル2F,吉祥寺駅,●JR、京王井の頭線「吉祥寺駅」南口（公園口）より徒歩２分,平日 8:00～20:00 土 　10:00～19:00 日祝休み,個室ブースあり,15分50円〜,https://app.bizspot.ai/spot/coworking,https://app.bizspot.ai/spot/coworking/detail?id=939&area_id=13
アクセアカフェ（BizSPOT）,株式会社アクセア,アクセアカフェ堺筋長堀橋店,大阪府,大阪府大阪市中央区南船場1-16-13 堺筋ベストビル1F,長堀橋駅,大阪メトロ長堀鶴見緑地線、堺筋線「長堀橋駅」１番出口より徒歩４分,24時間営業（年中無休） ※22:00～翌6:00まではBizSPOTアプリにて本人確認がお済みのお客様のみご利用いただけます。  アクセアカフェ堺筋長堀橋店は、設備点検、及びメンテンスのため下記の日程において一時休業いたします。  期間：2026年6月15日（月） 8：00～10：00の間 ※予定  なお、営業再開は当日の10時を予定しております。 営業時間変更に伴い、ご利用のお客様にはご不便をおかけすることとなりますが、 何卒ご理解ご了承いただきますようお願い申し上げます。,個室ブースあり,15分50円〜,https://app.bizspot.ai/spot/coworking,https://app.bizspot.ai/spot/coworking/detail?id=942&area_id=27
アクセアカフェ（BizSPOT）,株式会社アクセア,アクセアカフェ御成門店,東京都,東京都港区西新橋3-23-6 白川ビル1F,御成門駅,●都営三田線「御成門駅」A5出口から徒歩2分 ●東京メトロ日比谷線「神谷町駅」3番出口から徒歩10分 ●都営浅草線 / 都営大江戸線「大門駅」A6出口から徒歩11分,平日9:00〜20:00 土日祝　定休日,個室ブースあり,15分50円〜,https://app.bizspot.ai/spot/coworking,https://app.bizspot.ai/spot/coworking/detail?id=954&area_id=13
アクセアカフェ（BizSPOT）,株式会社アクセア,アクセアカフェ川口駅前店,埼玉県,埼玉県川口市本町4-1-4 イーストビル1F,,JR京浜東北線　東口より徒歩2分,平日：9::00～20:00 土日祝:休業日,個室ブースあり,15分50円〜,https://app.bizspot.ai/spot/coworking,https://app.bizspot.ai/spot/coworking/detail?id=984&area_id=11
アクセアカフェ（BizSPOT）,株式会社アクセア,アクセアカフェ東銀座歌舞伎座前店,東京都,東京都中央区銀座5-14-6 橋ビルⅡ1F,東銀座駅,●東京メトロ日比谷線、都営浅草線『東銀座駅』4番，6番出口より徒歩1分 ●東京メトロ銀座線・丸ノ内線・日比谷線『銀座駅』A5出口より徒歩7分,平日9:00～20:00 土日祝休み,個室ブースあり,15分50円〜,https://app.bizspot.ai/spot/coworking,https://app.bizspot.ai/spot/coworking/detail?id=988&area_id=13
アクセアカフェ（BizSPOT）,株式会社アクセア,アクセアカフェ立川フロム中武店,東京都,東京都立川市曙町2-11-2 フロム中武ビル6F,立川駅,●JR線「立川駅」北口から徒歩2分 ●多摩都市モノレール「立川北駅」JR立川駅方面から徒歩4分,平日10:00〜19:00,個室ブースあり,15分50円〜,https://app.bizspot.ai/spot/coworking,https://app.bizspot.ai/spot/coworking/detail?id=993&area_id=13